employee_id,full_name,gender,date_of_birth,phone_number,email,address,hire_date,department_id,position,base_salary,department_name,location,assign_id,project_id,role,assigned_date,hours_worked,project_name,start_date,end_date,budget,department_id_project,attendance_id,work_date,check_in,check_out,status,bd_id,description,type,amount,effective_date,salary_id,payment_date,month,year,total_amount,payment_status
1,Bui Ngoc Anh,Female,1985-03-15,0967 428 315,ngocanh.bui@snakecompany.com,"Số 12, Ngõ 45, Phố Nguyễn Trãi, Thanh Xuân, Hà Nội",2015-06-01,1,HR Manager,90000.0,Human Resources,"Building A, Floor 1",23,6.0,Project Sponsor,2024-01-10,40.0,Skill Matrix & Upskill Roadmap,2024-01-10,2024-06-30,120000.0,1,1,2024-10-01,08:55:00,17:05:00,Present,1.0,Management Bonus,Bonus,1000.0,2024-09-15,2,2024-09-30,9.0,2024.0,8500.0,Paid
1,Bui Ngoc Anh,Female,1985-03-15,0967 428 315,ngocanh.bui@snakecompany.com,"Số 12, Ngõ 45, Phố Nguyễn Trãi, Thanh Xuân, Hà Nội",2015-06-01,1,HR Manager,90000.0,Human Resources,"Building A, Floor 1",23,6.0,Project Sponsor,2024-01-10,40.0,Skill Matrix & Upskill Roadmap,2024-01-10,2024-06-30,120000.0,1,1,2024-10-01,08:55:00,17:05:00,Present,1.0,Management Bonus,Bonus,1000.0,2024-09-15,42,2024-10-31,10.0,2024.0,7350.0,Pending
1,Bui Ngoc Anh,Female,1985-03-15,0967 428 315,ngocanh.bui@snakecompany.com,"Số 12, Ngõ 45, Phố Nguyễn Trãi, Thanh Xuân, Hà Nội",2015-06-01,1,HR Manager,90000.0,Human Resources,"Building A, Floor 1",23,6.0,Project Sponsor,2024-01-10,40.0,Skill Matrix & Upskill Roadmap,2024-01-10,2024-06-30,120000.0,1,1,2024-10-01,08:55:00,17:05:00,Present,14.0,Health Insurance Premium,Deduction,150.0,2024-10-01,2,2024-09-30,9.0,2024.0,8500.0,Paid
1,Bui Ngoc Anh,Female,1985-03-15,0967 428 315,ngocanh.bui@snakecompany.com,"Số 12, Ngõ 45, Phố Nguyễn Trãi, Thanh Xuân, Hà Nội",2015-06-01,1,HR Manager,90000.0,Human Resources,"Building A, Floor 1",23,6.0,Project Sponsor,2024-01-10,40.0,Skill Matrix & Upskill Roadmap,2024-01-10,2024-06-30,120000.0,1,1,2024-10-01,08:55:00,17:05:00,Present,14.0,Health Insurance Premium,Deduction,150.0,2024-10-01,42,2024-10-31,10.0,2024.0,7350.0,Pending
1,Bui Ngoc Anh,Female,1985-03-15,0967 428 315,ngocanh.bui@snakecompany.com,"Số 12, Ngõ 45, Phố Nguyễn Trãi, Thanh Xuân, Hà Nội",2015-06-01,1,HR Manager,90000.0,Human Resources,"Building A, Floor 1",23,6.0,Project Sponsor,2024-01-10,40.0,Skill Matrix & Upskill Roadmap,2024-01-10,2024-06-30,120000.0,1,21,2024-10-02,08:58:00,17:00:00,Present,1.0,Management Bonus,Bonus,1000.0,2024-09-15,2,2024-09-30,9.0,2024.0,8500.0,Paid
1,Bui Ngoc Anh,Female,1985-03-15,0967 428 315,ngocanh.bui@snakecompany.com,"Số 12, Ngõ 45, Phố Nguyễn Trãi, Thanh Xuân, Hà Nội",2015-06-01,1,HR Manager,90000.0,Human Resources,"Building A, Floor 1",23,6.0,Project Sponsor,2024-01-10,40.0,Skill Matrix & Upskill Roadmap,2024-01-10,2024-06-30,120000.0,1,21,2024-10-02,08:58:00,17:00:00,Present,1.0,Management Bonus,Bonus,1000.0,2024-09-15,42,2024-10-31,10.0,2024.0,7350.0,Pending
1,Bui Ngoc Anh,Female,1985-03-15,0967 428 315,ngocanh.bui@snakecompany.com,"Số 12, Ngõ 45, Phố Nguyễn Trãi, Thanh Xuân, Hà Nội",2015-06-01,1,HR Manager,90000.0,Human Resources,"Building A, Floor 1",23,6.0,Project Sponsor,2024-01-10,40.0,Skill Matrix & Upskill Roadmap,2024-01-10,2024-06-30,120000.0,1,21,2024-10-02,08:58:00,17:00:00,Present,14.0,Health Insurance Premium,Deduction,150.0,2024-10-01,2,2024-09-30,9.0,2024.0,8500.0,Paid
1,Bui Ngoc Anh,Female,1985-03-15,0967 428 315,ngocanh.bui@snakecompany.com,"Số 12, Ngõ 45, Phố Nguyễn Trãi, Thanh Xuân, Hà Nội",2015-06-01,1,HR Manager,90000.0,Human Resources,"Building A, Floor 1",23,6.0,Project Sponsor,2024-01-10,40.0,Skill Matrix & Upskill Roadmap,2024-01-10,2024-06-30,120000.0,1,21,2024-10-02,08:58:00,17:00:00,Present,14.0,Health Insurance Premium,Deduction,150.0,2024-10-01,42,2024-10-31,10.0,2024.0,7350.0,Pending
1,Bui Ngoc Anh,Female,1985-03-15,0967 428 315,ngocanh.bui@snakecompany.com,"Số 12, Ngõ 45, Phố Nguyễn Trãi, Thanh Xuân, Hà Nội",2015-06-01,1,HR Manager,90000.0,Human Resources,"Building A, Floor 1",23,6.0,Project Sponsor,2024-01-10,40.0,Skill Matrix & Upskill Roadmap,2024-01-10,2024-06-30,120000.0,1,41,2024-10-03,09:00:00,17:00:00,Present,1.0,Management Bonus,Bonus,1000.0,2024-09-15,2,2024-09-30,9.0,2024.0,8500.0,Paid
1,Bui Ngoc Anh,Female,1985-03-15,0967 428 315,ngocanh.bui@snakecompany.com,"Số 12, Ngõ 45, Phố Nguyễn Trãi, Thanh Xuân, Hà Nội",2015-06-01,1,HR Manager,90000.0,Human Resources,"Building A, Floor 1",23,6.0,Project Sponsor,2024-01-10,40.0,Skill Matrix & Upskill Roadmap,2024-01-10,2024-06-30,120000.0,1,41,2024-10-03,09:00:00,17:00:00,Present,1.0,Management Bonus,Bonus,1000.0,2024-09-15,42,2024-10-31,10.0,2024.0,7350.0,Pending
1,Bui Ngoc Anh,Female,1985-03-15,0967 428 315,ngocanh.bui@snakecompany.com,"Số 12, Ngõ 45, Phố Nguyễn Trãi, Thanh Xuân, Hà Nội",2015-06-01,1,HR Manager,90000.0,Human Resources,"Building A, Floor 1",23,6.0,Project Sponsor,2024-01-10,40.0,Skill Matrix & Upskill Roadmap,2024-01-10,2024-06-30,120000.0,1,41,2024-10-03,09:00:00,17:00:00,Present,14.0,Health Insurance Premium,Deduction,150.0,2024-10-01,2,2024-09-30,9.0,2024.0,8500.0,Paid
1,Bui Ngoc Anh,Female,1985-03-15,0967 428 315,ngocanh.bui@snakecompany.com,"Số 12, Ngõ 45, Phố Nguyễn Trãi, Thanh Xuân, Hà Nội",2015-06-01,1,HR Manager,90000.0,Human Resources,"Building A, Floor 1",23,6.0,Project Sponsor,2024-01-10,40.0,Skill Matrix & Upskill Roadmap,2024-01-10,2024-06-30,120000.0,1,41,2024-10-03,09:00:00,17:00:00,Present,14.0,Health Insurance Premium,Deduction,150.0,2024-10-01,42,2024-10-31,10.0,2024.0,7350.0,Pending
2,Bui Hien Vinh,Male,1990-07-22,0896 221 704,hienvinh.bui@snakecompany.com,"Số 8, Ngõ 88, Phố Trần Duy Hưng, Cầu Giấy, Hà Nội",2018-09-15,1,HR Specialist,65000.0,Human Resources,"Building A, Floor 1",24,6.0,HR Lead,2024-01-10,120.0,Skill Matrix & Upskill Roadmap,2024-01-10,2024-06-30,120000.0,1,2,2024-10-01,09:01:00,17:02:00,Present,7.0,Health Insurance Premium,Deduction,150.0,2024-09-01,3,2024-09-30,9.0,2024.0,5263.46,Paid
2,Bui Hien Vinh,Male,1990-07-22,0896 221 704,hienvinh.bui@snakecompany.com,"Số 8, Ngõ 88, Phố Trần Duy Hưng, Cầu Giấy, Hà Nội",2018-09-15,1,HR Specialist,65000.0,Human Resources,"Building A, Floor 1",24,6.0,HR Lead,2024-01-10,120.0,Skill Matrix & Upskill Roadmap,2024-01-10,2024-06-30,120000.0,1,2,2024-10-01,09:01:00,17:02:00,Present,7.0,Health Insurance Premium,Deduction,150.0,2024-09-01,43,2024-10-31,10.0,2024.0,5416.67,Pending
2,Bui Hien Vinh,Male,1990-07-22,0896 221 704,hienvinh.bui@snakecompany.com,"Số 8, Ngõ 88, Phố Trần Duy Hưng, Cầu Giấy, Hà Nội",2018-09-15,1,HR Specialist,65000.0,Human Resources,"Building A, Floor 1",24,6.0,HR Lead,2024-01-10,120.0,Skill Matrix & Upskill Roadmap,2024-01-10,2024-06-30,120000.0,1,22,2024-10-02,09:03:00,17:00:00,Present,7.0,Health Insurance Premium,Deduction,150.0,2024-09-01,3,2024-09-30,9.0,2024.0,5263.46,Paid
2,Bui Hien Vinh,Male,1990-07-22,0896 221 704,hienvinh.bui@snakecompany.com,"Số 8, Ngõ 88, Phố Trần Duy Hưng, Cầu Giấy, Hà Nội",2018-09-15,1,HR Specialist,65000.0,Human Resources,"Building A, Floor 1",24,6.0,HR Lead,2024-01-10,120.0,Skill Matrix & Upskill Roadmap,2024-01-10,2024-06-30,120000.0,1,22,2024-10-02,09:03:00,17:00:00,Present,7.0,Health Insurance Premium,Deduction,150.0,2024-09-01,43,2024-10-31,10.0,2024.0,5416.67,Pending
2,Bui Hien Vinh,Male,1990-07-22,0896 221 704,hienvinh.bui@snakecompany.com,"Số 8, Ngõ 88, Phố Trần Duy Hưng, Cầu Giấy, Hà Nội",2018-09-15,1,HR Specialist,65000.0,Human Resources,"Building A, Floor 1",24,6.0,HR Lead,2024-01-10,120.0,Skill Matrix & Upskill Roadmap,2024-01-10,2024-06-30,120000.0,1,42,2024-10-03,09:00:00,17:00:00,Present,7.0,Health Insurance Premium,Deduction,150.0,2024-09-01,3,2024-09-30,9.0,2024.0,5263.46,Paid
2,Bui Hien Vinh,Male,1990-07-22,0896 221 704,hienvinh.bui@snakecompany.com,"Số 8, Ngõ 88, Phố Trần Duy Hưng, Cầu Giấy, Hà Nội",2018-09-15,1,HR Specialist,65000.0,Human Resources,"Building A, Floor 1",24,6.0,HR Lead,2024-01-10,120.0,Skill Matrix & Upskill Roadmap,2024-01-10,2024-06-30,120000.0,1,42,2024-10-03,09:00:00,17:00:00,Present,7.0,Health Insurance Premium,Deduction,150.0,2024-09-01,43,2024-10-31,10.0,2024.0,5416.67,Pending
3,Bui Phuong Anh,Female,1995-11-30,0825 917 643,phuonganh.bui@snakecompany.com,"Số 21, Ngách 12/3, Phố Khương Trung, Thanh Xuân, Hà Nội",2020-02-10,1,Recruiter,60000.0,Human Resources,"Building A, Floor 1",25,6.0,User Testing,2024-01-15,90.0,Skill Matrix & Upskill Roadmap,2024-01-10,2024-06-30,120000.0,1,3,2024-10-01,08:49:00,16:50:00,Present,,,,,,5,2024-09-30,9.0,2024.0,5000.0,Paid
3,Bui Phuong Anh,Female,1995-11-30,0825 917 643,phuonganh.bui@snakecompany.com,"Số 21, Ngách 12/3, Phố Khương Trung, Thanh Xuân, Hà Nội",2020-02-10,1,Recruiter,60000.0,Human Resources,"Building A, Floor 1",25,6.0,User Testing,2024-01-15,90.0,Skill Matrix & Upskill Roadmap,2024-01-10,2024-06-30,120000.0,1,3,2024-10-01,08:49:00,16:50:00,Present,,,,,,44,2024-10-31,10.0,2024.0,5000.0,Pending
3,Bui Phuong Anh,Female,1995-11-30,0825 917 643,phuonganh.bui@snakecompany.com,"Số 21, Ngách 12/3, Phố Khương Trung, Thanh Xuân, Hà Nội",2020-02-10,1,Recruiter,60000.0,Human Resources,"Building A, Floor 1",25,6.0,User Testing,2024-01-15,90.0,Skill Matrix & Upskill Roadmap,2024-01-10,2024-06-30,120000.0,1,23,2024-10-02,08:50:00,16:55:00,Present,,,,,,5,2024-09-30,9.0,2024.0,5000.0,Paid
3,Bui Phuong Anh,Female,1995-11-30,0825 917 643,phuonganh.bui@snakecompany.com,"Số 21, Ngách 12/3, Phố Khương Trung, Thanh Xuân, Hà Nội",2020-02-10,1,Recruiter,60000.0,Human Resources,"Building A, Floor 1",25,6.0,User Testing,2024-01-15,90.0,Skill Matrix & Upskill Roadmap,2024-01-10,2024-06-30,120000.0,1,23,2024-10-02,08:50:00,16:55:00,Present,,,,,,44,2024-10-31,10.0,2024.0,5000.0,Pending
3,Bui Phuong Anh,Female,1995-11-30,0825 917 643,phuonganh.bui@snakecompany.com,"Số 21, Ngách 12/3, Phố Khương Trung, Thanh Xuân, Hà Nội",2020-02-10,1,Recruiter,60000.0,Human Resources,"Building A, Floor 1",25,6.0,User Testing,2024-01-15,90.0,Skill Matrix & Upskill Roadmap,2024-01-10,2024-06-30,120000.0,1,43,2024-10-03,08:51:00,16:50:00,Present,,,,,,5,2024-09-30,9.0,2024.0,5000.0,Paid
3,Bui Phuong Anh,Female,1995-11-30,0825 917 643,phuonganh.bui@snakecompany.com,"Số 21, Ngách 12/3, Phố Khương Trung, Thanh Xuân, Hà Nội",2020-02-10,1,Recruiter,60000.0,Human Resources,"Building A, Floor 1",25,6.0,User Testing,2024-01-15,90.0,Skill Matrix & Upskill Roadmap,2024-01-10,2024-06-30,120000.0,1,43,2024-10-03,08:51:00,16:50:00,Present,,,,,,44,2024-10-31,10.0,2024.0,5000.0,Pending
4,Dang Huy Gia Bao,Male,1982-01-10,0934 802 517,giabao.dang@snakecompany.com,"Số 34, Ngõ 245, Phố Định Công, Hoàng Mai, Hà Nội",2012-03-20,2,Lead Engineer,140000.0,Engineering,"Building B, Floor 2",2,1.0,Project Lead,2024-01-15,150.5,SmartFactory Sensor Hub,2024-01-15,2024-12-15,500000.0,2,4,2024-10-01,09:15:00,17:30:00,Present,2.0,Project Lead Bonus,Bonus,2500.0,2024-09-15,7,2024-09-30,9.0,2024.0,14166.67,Paid
4,Dang Huy Gia Bao,Male,1982-01-10,0934 802 517,giabao.dang@snakecompany.com,"Số 34, Ngõ 245, Phố Định Công, Hoàng Mai, Hà Nội",2012-03-20,2,Lead Engineer,140000.0,Engineering,"Building B, Floor 2",2,1.0,Project Lead,2024-01-15,150.5,SmartFactory Sensor Hub,2024-01-15,2024-12-15,500000.0,2,4,2024-10-01,09:15:00,17:30:00,Present,2.0,Project Lead Bonus,Bonus,2500.0,2024-09-15,45,2024-10-31,10.0,2024.0,10666.67,Pending
4,Dang Huy Gia Bao,Male,1982-01-10,0934 802 517,giabao.dang@snakecompany.com,"Số 34, Ngõ 245, Phố Định Công, Hoàng Mai, Hà Nội",2012-03-20,2,Lead Engineer,140000.0,Engineering,"Building B, Floor 2",2,1.0,Project Lead,2024-01-15,150.5,SmartFactory Sensor Hub,2024-01-15,2024-12-15,500000.0,2,4,2024-10-01,09:15:00,17:30:00,Present,15.0,401k Contribution,Deduction,1000.0,2024-10-01,7,2024-09-30,9.0,2024.0,14166.67,Paid
4,Dang Huy Gia Bao,Male,1982-01-10,0934 802 517,giabao.dang@snakecompany.com,"Số 34, Ngõ 245, Phố Định Công, Hoàng Mai, Hà Nội",2012-03-20,2,Lead Engineer,140000.0,Engineering,"Building B, Floor 2",2,1.0,Project Lead,2024-01-15,150.5,SmartFactory Sensor Hub,2024-01-15,2024-12-15,500000.0,2,4,2024-10-01,09:15:00,17:30:00,Present,15.0,401k Contribution,Deduction,1000.0,2024-10-01,45,2024-10-31,10.0,2024.0,10666.67,Pending
4,Dang Huy Gia Bao,Male,1982-01-10,0934 802 517,giabao.dang@snakecompany.com,"Số 34, Ngõ 245, Phố Định Công, Hoàng Mai, Hà Nội",2012-03-20,2,Lead Engineer,140000.0,Engineering,"Building B, Floor 2",2,1.0,Project Lead,2024-01-15,150.5,SmartFactory Sensor Hub,2024-01-15,2024-12-15,500000.0,2,24,2024-10-02,09:10:00,17:30:00,Present,2.0,Project Lead Bonus,Bonus,2500.0,2024-09-15,7,2024-09-30,9.0,2024.0,14166.67,Paid
4,Dang Huy Gia Bao,Male,1982-01-10,0934 802 517,giabao.dang@snakecompany.com,"Số 34, Ngõ 245, Phố Định Công, Hoàng Mai, Hà Nội",2012-03-20,2,Lead Engineer,140000.0,Engineering,"Building B, Floor 2",2,1.0,Project Lead,2024-01-15,150.5,SmartFactory Sensor Hub,2024-01-15,2024-12-15,500000.0,2,24,2024-10-02,09:10:00,17:30:00,Present,2.0,Project Lead Bonus,Bonus,2500.0,2024-09-15,45,2024-10-31,10.0,2024.0,10666.67,Pending
4,Dang Huy Gia Bao,Male,1982-01-10,0934 802 517,giabao.dang@snakecompany.com,"Số 34, Ngõ 245, Phố Định Công, Hoàng Mai, Hà Nội",2012-03-20,2,Lead Engineer,140000.0,Engineering,"Building B, Floor 2",2,1.0,Project Lead,2024-01-15,150.5,SmartFactory Sensor Hub,2024-01-15,2024-12-15,500000.0,2,24,2024-10-02,09:10:00,17:30:00,Present,15.0,401k Contribution,Deduction,1000.0,2024-10-01,7,2024-09-30,9.0,2024.0,14166.67,Paid
4,Dang Huy Gia Bao,Male,1982-01-10,0934 802 517,giabao.dang@snakecompany.com,"Số 34, Ngõ 245, Phố Định Công, Hoàng Mai, Hà Nội",2012-03-20,2,Lead Engineer,140000.0,Engineering,"Building B, Floor 2",2,1.0,Project Lead,2024-01-15,150.5,SmartFactory Sensor Hub,2024-01-15,2024-12-15,500000.0,2,24,2024-10-02,09:10:00,17:30:00,Present,15.0,401k Contribution,Deduction,1000.0,2024-10-01,45,2024-10-31,10.0,2024.0,10666.67,Pending
4,Dang Huy Gia Bao,Male,1982-01-10,0934 802 517,giabao.dang@snakecompany.com,"Số 34, Ngõ 245, Phố Định Công, Hoàng Mai, Hà Nội",2012-03-20,2,Lead Engineer,140000.0,Engineering,"Building B, Floor 2",2,1.0,Project Lead,2024-01-15,150.5,SmartFactory Sensor Hub,2024-01-15,2024-12-15,500000.0,2,44,2024-10-03,09:12:00,17:35:00,Present,2.0,Project Lead Bonus,Bonus,2500.0,2024-09-15,7,2024-09-30,9.0,2024.0,14166.67,Paid
4,Dang Huy Gia Bao,Male,1982-01-10,0934 802 517,giabao.dang@snakecompany.com,"Số 34, Ngõ 245, Phố Định Công, Hoàng Mai, Hà Nội",2012-03-20,2,Lead Engineer,140000.0,Engineering,"Building B, Floor 2",2,1.0,Project Lead,2024-01-15,150.5,SmartFactory Sensor Hub,2024-01-15,2024-12-15,500000.0,2,44,2024-10-03,09:12:00,17:35:00,Present,2.0,Project Lead Bonus,Bonus,2500.0,2024-09-15,45,2024-10-31,10.0,2024.0,10666.67,Pending
4,Dang Huy Gia Bao,Male,1982-01-10,0934 802 517,giabao.dang@snakecompany.com,"Số 34, Ngõ 245, Phố Định Công, Hoàng Mai, Hà Nội",2012-03-20,2,Lead Engineer,140000.0,Engineering,"Building B, Floor 2",2,1.0,Project Lead,2024-01-15,150.5,SmartFactory Sensor Hub,2024-01-15,2024-12-15,500000.0,2,44,2024-10-03,09:12:00,17:35:00,Present,15.0,401k Contribution,Deduction,1000.0,2024-10-01,7,2024-09-30,9.0,2024.0,14166.67,Paid
4,Dang Huy Gia Bao,Male,1982-01-10,0934 802 517,giabao.dang@snakecompany.com,"Số 34, Ngõ 245, Phố Định Công, Hoàng Mai, Hà Nội",2012-03-20,2,Lead Engineer,140000.0,Engineering,"Building B, Floor 2",2,1.0,Project Lead,2024-01-15,150.5,SmartFactory Sensor Hub,2024-01-15,2024-12-15,500000.0,2,44,2024-10-03,09:12:00,17:35:00,Present,15.0,401k Contribution,Deduction,1000.0,2024-10-01,45,2024-10-31,10.0,2024.0,10666.67,Pending
4,Dang Huy Gia Bao,Male,1982-01-10,0934 802 517,giabao.dang@snakecompany.com,"Số 34, Ngõ 245, Phố Định Công, Hoàng Mai, Hà Nội",2012-03-20,2,Lead Engineer,140000.0,Engineering,"Building B, Floor 2",7,2.0,Architect,2024-03-01,80.0,Unified Login Gateway,2024-03-01,2025-02-28,750000.0,2,4,2024-10-01,09:15:00,17:30:00,Present,2.0,Project Lead Bonus,Bonus,2500.0,2024-09-15,7,2024-09-30,9.0,2024.0,14166.67,Paid
4,Dang Huy Gia Bao,Male,1982-01-10,0934 802 517,giabao.dang@snakecompany.com,"Số 34, Ngõ 245, Phố Định Công, Hoàng Mai, Hà Nội",2012-03-20,2,Lead Engineer,140000.0,Engineering,"Building B, Floor 2",7,2.0,Architect,2024-03-01,80.0,Unified Login Gateway,2024-03-01,2025-02-28,750000.0,2,4,2024-10-01,09:15:00,17:30:00,Present,2.0,Project Lead Bonus,Bonus,2500.0,2024-09-15,45,2024-10-31,10.0,2024.0,10666.67,Pending
4,Dang Huy Gia Bao,Male,1982-01-10,0934 802 517,giabao.dang@snakecompany.com,"Số 34, Ngõ 245, Phố Định Công, Hoàng Mai, Hà Nội",2012-03-20,2,Lead Engineer,140000.0,Engineering,"Building B, Floor 2",7,2.0,Architect,2024-03-01,80.0,Unified Login Gateway,2024-03-01,2025-02-28,750000.0,2,4,2024-10-01,09:15:00,17:30:00,Present,15.0,401k Contribution,Deduction,1000.0,2024-10-01,7,2024-09-30,9.0,2024.0,14166.67,Paid
4,Dang Huy Gia Bao,Male,1982-01-10,0934 802 517,giabao.dang@snakecompany.com,"Số 34, Ngõ 245, Phố Định Công, Hoàng Mai, Hà Nội",2012-03-20,2,Lead Engineer,140000.0,Engineering,"Building B, Floor 2",7,2.0,Architect,2024-03-01,80.0,Unified Login Gateway,2024-03-01,2025-02-28,750000.0,2,4,2024-10-01,09:15:00,17:30:00,Present,15.0,401k Contribution,Deduction,1000.0,2024-10-01,45,2024-10-31,10.0,2024.0,10666.67,Pending
4,Dang Huy Gia Bao,Male,1982-01-10,0934 802 517,giabao.dang@snakecompany.com,"Số 34, Ngõ 245, Phố Định Công, Hoàng Mai, Hà Nội",2012-03-20,2,Lead Engineer,140000.0,Engineering,"Building B, Floor 2",7,2.0,Architect,2024-03-01,80.0,Unified Login Gateway,2024-03-01,2025-02-28,750000.0,2,24,2024-10-02,09:10:00,17:30:00,Present,2.0,Project Lead Bonus,Bonus,2500.0,2024-09-15,7,2024-09-30,9.0,2024.0,14166.67,Paid
4,Dang Huy Gia Bao,Male,1982-01-10,0934 802 517,giabao.dang@snakecompany.com,"Số 34, Ngõ 245, Phố Định Công, Hoàng Mai, Hà Nội",2012-03-20,2,Lead Engineer,140000.0,Engineering,"Building B, Floor 2",7,2.0,Architect,2024-03-01,80.0,Unified Login Gateway,2024-03-01,2025-02-28,750000.0,2,24,2024-10-02,09:10:00,17:30:00,Present,2.0,Project Lead Bonus,Bonus,2500.0,2024-09-15,45,2024-10-31,10.0,2024.0,10666.67,Pending
4,Dang Huy Gia Bao,Male,1982-01-10,0934 802 517,giabao.dang@snakecompany.com,"Số 34, Ngõ 245, Phố Định Công, Hoàng Mai, Hà Nội",2012-03-20,2,Lead Engineer,140000.0,Engineering,"Building B, Floor 2",7,2.0,Architect,2024-03-01,80.0,Unified Login Gateway,2024-03-01,2025-02-28,750000.0,2,24,2024-10-02,09:10:00,17:30:00,Present,15.0,401k Contribution,Deduction,1000.0,2024-10-01,7,2024-09-30,9.0,2024.0,14166.67,Paid
4,Dang Huy Gia Bao,Male,1982-01-10,0934 802 517,giabao.dang@snakecompany.com,"Số 34, Ngõ 245, Phố Định Công, Hoàng Mai, Hà Nội",2012-03-20,2,Lead Engineer,140000.0,Engineering,"Building B, Floor 2",7,2.0,Architect,2024-03-01,80.0,Unified Login Gateway,2024-03-01,2025-02-28,750000.0,2,24,2024-10-02,09:10:00,17:30:00,Present,15.0,401k Contribution,Deduction,1000.0,2024-10-01,45,2024-10-31,10.0,2024.0,10666.67,Pending
4,Dang Huy Gia Bao,Male,1982-01-10,0934 802 517,giabao.dang@snakecompany.com,"Số 34, Ngõ 245, Phố Định Công, Hoàng Mai, Hà Nội",2012-03-20,2,Lead Engineer,140000.0,Engineering,"Building B, Floor 2",7,2.0,Architect,2024-03-01,80.0,Unified Login Gateway,2024-03-01,2025-02-28,750000.0,2,44,2024-10-03,09:12:00,17:35:00,Present,2.0,Project Lead Bonus,Bonus,2500.0,2024-09-15,7,2024-09-30,9.0,2024.0,14166.67,Paid
4,Dang Huy Gia Bao,Male,1982-01-10,0934 802 517,giabao.dang@snakecompany.com,"Số 34, Ngõ 245, Phố Định Công, Hoàng Mai, Hà Nội",2012-03-20,2,Lead Engineer,140000.0,Engineering,"Building B, Floor 2",7,2.0,Architect,2024-03-01,80.0,Unified Login Gateway,2024-03-01,2025-02-28,750000.0,2,44,2024-10-03,09:12:00,17:35:00,Present,2.0,Project Lead Bonus,Bonus,2500.0,2024-09-15,45,2024-10-31,10.0,2024.0,10666.67,Pending
4,Dang Huy Gia Bao,Male,1982-01-10,0934 802 517,giabao.dang@snakecompany.com,"Số 34, Ngõ 245, Phố Định Công, Hoàng Mai, Hà Nội",2012-03-20,2,Lead Engineer,140000.0,Engineering,"Building B, Floor 2",7,2.0,Architect,2024-03-01,80.0,Unified Login Gateway,2024-03-01,2025-02-28,750000.0,2,44,2024-10-03,09:12:00,17:35:00,Present,15.0,401k Contribution,Deduction,1000.0,2024-10-01,7,2024-09-30,9.0,2024.0,14166.67,Paid
4,Dang Huy Gia Bao,Male,1982-01-10,0934 802 517,giabao.dang@snakecompany.com,"Số 34, Ngõ 245, Phố Định Công, Hoàng Mai, Hà Nội",2012-03-20,2,Lead Engineer,140000.0,Engineering,"Building B, Floor 2",7,2.0,Architect,2024-03-01,80.0,Unified Login Gateway,2024-03-01,2025-02-28,750000.0,2,44,2024-10-03,09:12:00,17:35:00,Present,15.0,401k Contribution,Deduction,1000.0,2024-10-01,45,2024-10-31,10.0,2024.0,10666.67,Pending
5,Cao Thi Quynh Chi,Female,1992-05-25,0912 648 709,quynhchi.cao@snakecompany.com,"Số 17, Ngõ 22, Phố Tôn Thất Tùng, Đống Đa, Hà Nội",2019-07-01,2,Software Engineer,110000.0,Engineering,"Building B, Floor 2",3,1.0,Senior Developer,2024-01-15,220.0,SmartFactory Sensor Hub,2024-01-15,2024-12-15,500000.0,2,5,2024-10-01,09:05:00,17:10:00,Present,3.0,Performance Bonus,Bonus,1500.0,2024-09-15,9,2024-09-30,9.0,2024.0,10516.67,Paid
5,Cao Thi Quynh Chi,Female,1992-05-25,0912 648 709,quynhchi.cao@snakecompany.com,"Số 17, Ngõ 22, Phố Tôn Thất Tùng, Đống Đa, Hà Nội",2019-07-01,2,Software Engineer,110000.0,Engineering,"Building B, Floor 2",3,1.0,Senior Developer,2024-01-15,220.0,SmartFactory Sensor Hub,2024-01-15,2024-12-15,500000.0,2,5,2024-10-01,09:05:00,17:10:00,Present,3.0,Performance Bonus,Bonus,1500.0,2024-09-15,46,2024-10-31,10.0,2024.0,9166.67,Pending
5,Cao Thi Quynh Chi,Female,1992-05-25,0912 648 709,quynhchi.cao@snakecompany.com,"Số 17, Ngõ 22, Phố Tôn Thất Tùng, Đống Đa, Hà Nội",2019-07-01,2,Software Engineer,110000.0,Engineering,"Building B, Floor 2",3,1.0,Senior Developer,2024-01-15,220.0,SmartFactory Sensor Hub,2024-01-15,2024-12-15,500000.0,2,5,2024-10-01,09:05:00,17:10:00,Present,8.0,Health Insurance Premium,Deduction,150.0,2024-09-01,9,2024-09-30,9.0,2024.0,10516.67,Paid
5,Cao Thi Quynh Chi,Female,1992-05-25,0912 648 709,quynhchi.cao@snakecompany.com,"Số 17, Ngõ 22, Phố Tôn Thất Tùng, Đống Đa, Hà Nội",2019-07-01,2,Software Engineer,110000.0,Engineering,"Building B, Floor 2",3,1.0,Senior Developer,2024-01-15,220.0,SmartFactory Sensor Hub,2024-01-15,2024-12-15,500000.0,2,5,2024-10-01,09:05:00,17:10:00,Present,8.0,Health Insurance Premium,Deduction,150.0,2024-09-01,46,2024-10-31,10.0,2024.0,9166.67,Pending
5,Cao Thi Quynh Chi,Female,1992-05-25,0912 648 709,quynhchi.cao@snakecompany.com,"Số 17, Ngõ 22, Phố Tôn Thất Tùng, Đống Đa, Hà Nội",2019-07-01,2,Software Engineer,110000.0,Engineering,"Building B, Floor 2",3,1.0,Senior Developer,2024-01-15,220.0,SmartFactory Sensor Hub,2024-01-15,2024-12-15,500000.0,2,25,2024-10-02,09:00:00,17:11:00,Present,3.0,Performance Bonus,Bonus,1500.0,2024-09-15,9,2024-09-30,9.0,2024.0,10516.67,Paid
5,Cao Thi Quynh Chi,Female,1992-05-25,0912 648 709,quynhchi.cao@snakecompany.com,"Số 17, Ngõ 22, Phố Tôn Thất Tùng, Đống Đa, Hà Nội",2019-07-01,2,Software Engineer,110000.0,Engineering,"Building B, Floor 2",3,1.0,Senior Developer,2024-01-15,220.0,SmartFactory Sensor Hub,2024-01-15,2024-12-15,500000.0,2,25,2024-10-02,09:00:00,17:11:00,Present,3.0,Performance Bonus,Bonus,1500.0,2024-09-15,46,2024-10-31,10.0,2024.0,9166.67,Pending
5,Cao Thi Quynh Chi,Female,1992-05-25,0912 648 709,quynhchi.cao@snakecompany.com,"Số 17, Ngõ 22, Phố Tôn Thất Tùng, Đống Đa, Hà Nội",2019-07-01,2,Software Engineer,110000.0,Engineering,"Building B, Floor 2",3,1.0,Senior Developer,2024-01-15,220.0,SmartFactory Sensor Hub,2024-01-15,2024-12-15,500000.0,2,25,2024-10-02,09:00:00,17:11:00,Present,8.0,Health Insurance Premium,Deduction,150.0,2024-09-01,9,2024-09-30,9.0,2024.0,10516.67,Paid
5,Cao Thi Quynh Chi,Female,1992-05-25,0912 648 709,quynhchi.cao@snakecompany.com,"Số 17, Ngõ 22, Phố Tôn Thất Tùng, Đống Đa, Hà Nội",2019-07-01,2,Software Engineer,110000.0,Engineering,"Building B, Floor 2",3,1.0,Senior Developer,2024-01-15,220.0,SmartFactory Sensor Hub,2024-01-15,2024-12-15,500000.0,2,25,2024-10-02,09:00:00,17:11:00,Present,8.0,Health Insurance Premium,Deduction,150.0,2024-09-01,46,2024-10-31,10.0,2024.0,9166.67,Pending
5,Cao Thi Quynh Chi,Female,1992-05-25,0912 648 709,quynhchi.cao@snakecompany.com,"Số 17, Ngõ 22, Phố Tôn Thất Tùng, Đống Đa, Hà Nội",2019-07-01,2,Software Engineer,110000.0,Engineering,"Building B, Floor 2",3,1.0,Senior Developer,2024-01-15,220.0,SmartFactory Sensor Hub,2024-01-15,2024-12-15,500000.0,2,45,2024-10-03,09:02:00,17:15:00,Present,3.0,Performance Bonus,Bonus,1500.0,2024-09-15,9,2024-09-30,9.0,2024.0,10516.67,Paid
5,Cao Thi Quynh Chi,Female,1992-05-25,0912 648 709,quynhchi.cao@snakecompany.com,"Số 17, Ngõ 22, Phố Tôn Thất Tùng, Đống Đa, Hà Nội",2019-07-01,2,Software Engineer,110000.0,Engineering,"Building B, Floor 2",3,1.0,Senior Developer,2024-01-15,220.0,SmartFactory Sensor Hub,2024-01-15,2024-12-15,500000.0,2,45,2024-10-03,09:02:00,17:15:00,Present,3.0,Performance Bonus,Bonus,1500.0,2024-09-15,46,2024-10-31,10.0,2024.0,9166.67,Pending
5,Cao Thi Quynh Chi,Female,1992-05-25,0912 648 709,quynhchi.cao@snakecompany.com,"Số 17, Ngõ 22, Phố Tôn Thất Tùng, Đống Đa, Hà Nội",2019-07-01,2,Software Engineer,110000.0,Engineering,"Building B, Floor 2",3,1.0,Senior Developer,2024-01-15,220.0,SmartFactory Sensor Hub,2024-01-15,2024-12-15,500000.0,2,45,2024-10-03,09:02:00,17:15:00,Present,8.0,Health Insurance Premium,Deduction,150.0,2024-09-01,9,2024-09-30,9.0,2024.0,10516.67,Paid
5,Cao Thi Quynh Chi,Female,1992-05-25,0912 648 709,quynhchi.cao@snakecompany.com,"Số 17, Ngõ 22, Phố Tôn Thất Tùng, Đống Đa, Hà Nội",2019-07-01,2,Software Engineer,110000.0,Engineering,"Building B, Floor 2",3,1.0,Senior Developer,2024-01-15,220.0,SmartFactory Sensor Hub,2024-01-15,2024-12-15,500000.0,2,45,2024-10-03,09:02:00,17:15:00,Present,8.0,Health Insurance Premium,Deduction,150.0,2024-09-01,46,2024-10-31,10.0,2024.0,9166.67,Pending
5,Cao Thi Quynh Chi,Female,1992-05-25,0912 648 709,quynhchi.cao@snakecompany.com,"Số 17, Ngõ 22, Phố Tôn Thất Tùng, Đống Đa, Hà Nội",2019-07-01,2,Software Engineer,110000.0,Engineering,"Building B, Floor 2",8,2.0,Lead Developer,2024-03-01,160.0,Unified Login Gateway,2024-03-01,2025-02-28,750000.0,2,5,2024-10-01,09:05:00,17:10:00,Present,3.0,Performance Bonus,Bonus,1500.0,2024-09-15,9,2024-09-30,9.0,2024.0,10516.67,Paid
5,Cao Thi Quynh Chi,Female,1992-05-25,0912 648 709,quynhchi.cao@snakecompany.com,"Số 17, Ngõ 22, Phố Tôn Thất Tùng, Đống Đa, Hà Nội",2019-07-01,2,Software Engineer,110000.0,Engineering,"Building B, Floor 2",8,2.0,Lead Developer,2024-03-01,160.0,Unified Login Gateway,2024-03-01,2025-02-28,750000.0,2,5,2024-10-01,09:05:00,17:10:00,Present,3.0,Performance Bonus,Bonus,1500.0,2024-09-15,46,2024-10-31,10.0,2024.0,9166.67,Pending
5,Cao Thi Quynh Chi,Female,1992-05-25,0912 648 709,quynhchi.cao@snakecompany.com,"Số 17, Ngõ 22, Phố Tôn Thất Tùng, Đống Đa, Hà Nội",2019-07-01,2,Software Engineer,110000.0,Engineering,"Building B, Floor 2",8,2.0,Lead Developer,2024-03-01,160.0,Unified Login Gateway,2024-03-01,2025-02-28,750000.0,2,5,2024-10-01,09:05:00,17:10:00,Present,8.0,Health Insurance Premium,Deduction,150.0,2024-09-01,9,2024-09-30,9.0,2024.0,10516.67,Paid
5,Cao Thi Quynh Chi,Female,1992-05-25,0912 648 709,quynhchi.cao@snakecompany.com,"Số 17, Ngõ 22, Phố Tôn Thất Tùng, Đống Đa, Hà Nội",2019-07-01,2,Software Engineer,110000.0,Engineering,"Building B, Floor 2",8,2.0,Lead Developer,2024-03-01,160.0,Unified Login Gateway,2024-03-01,2025-02-28,750000.0,2,5,2024-10-01,09:05:00,17:10:00,Present,8.0,Health Insurance Premium,Deduction,150.0,2024-09-01,46,2024-10-31,10.0,2024.0,9166.67,Pending
5,Cao Thi Quynh Chi,Female,1992-05-25,0912 648 709,quynhchi.cao@snakecompany.com,"Số 17, Ngõ 22, Phố Tôn Thất Tùng, Đống Đa, Hà Nội",2019-07-01,2,Software Engineer,110000.0,Engineering,"Building B, Floor 2",8,2.0,Lead Developer,2024-03-01,160.0,Unified Login Gateway,2024-03-01,2025-02-28,750000.0,2,25,2024-10-02,09:00:00,17:11:00,Present,3.0,Performance Bonus,Bonus,1500.0,2024-09-15,9,2024-09-30,9.0,2024.0,10516.67,Paid
5,Cao Thi Quynh Chi,Female,1992-05-25,0912 648 709,quynhchi.cao@snakecompany.com,"Số 17, Ngõ 22, Phố Tôn Thất Tùng, Đống Đa, Hà Nội",2019-07-01,2,Software Engineer,110000.0,Engineering,"Building B, Floor 2",8,2.0,Lead Developer,2024-03-01,160.0,Unified Login Gateway,2024-03-01,2025-02-28,750000.0,2,25,2024-10-02,09:00:00,17:11:00,Present,3.0,Performance Bonus,Bonus,1500.0,2024-09-15,46,2024-10-31,10.0,2024.0,9166.67,Pending
5,Cao Thi Quynh Chi,Female,1992-05-25,0912 648 709,quynhchi.cao@snakecompany.com,"Số 17, Ngõ 22, Phố Tôn Thất Tùng, Đống Đa, Hà Nội",2019-07-01,2,Software Engineer,110000.0,Engineering,"Building B, Floor 2",8,2.0,Lead Developer,2024-03-01,160.0,Unified Login Gateway,2024-03-01,2025-02-28,750000.0,2,25,2024-10-02,09:00:00,17:11:00,Present,8.0,Health Insurance Premium,Deduction,150.0,2024-09-01,9,2024-09-30,9.0,2024.0,10516.67,Paid
5,Cao Thi Quynh Chi,Female,1992-05-25,0912 648 709,quynhchi.cao@snakecompany.com,"Số 17, Ngõ 22, Phố Tôn Thất Tùng, Đống Đa, Hà Nội",2019-07-01,2,Software Engineer,110000.0,Engineering,"Building B, Floor 2",8,2.0,Lead Developer,2024-03-01,160.0,Unified Login Gateway,2024-03-01,2025-02-28,750000.0,2,25,2024-10-02,09:00:00,17:11:00,Present,8.0,Health Insurance Premium,Deduction,150.0,2024-09-01,46,2024-10-31,10.0,2024.0,9166.67,Pending
5,Cao Thi Quynh Chi,Female,1992-05-25,0912 648 709,quynhchi.cao@snakecompany.com,"Số 17, Ngõ 22, Phố Tôn Thất Tùng, Đống Đa, Hà Nội",2019-07-01,2,Software Engineer,110000.0,Engineering,"Building B, Floor 2",8,2.0,Lead Developer,2024-03-01,160.0,Unified Login Gateway,2024-03-01,2025-02-28,750000.0,2,45,2024-10-03,09:02:00,17:15:00,Present,3.0,Performance Bonus,Bonus,1500.0,2024-09-15,9,2024-09-30,9.0,2024.0,10516.67,Paid
5,Cao Thi Quynh Chi,Female,1992-05-25,0912 648 709,quynhchi.cao@snakecompany.com,"Số 17, Ngõ 22, Phố Tôn Thất Tùng, Đống Đa, Hà Nội",2019-07-01,2,Software Engineer,110000.0,Engineering,"Building B, Floor 2",8,2.0,Lead Developer,2024-03-01,160.0,Unified Login Gateway,2024-03-01,2025-02-28,750000.0,2,45,2024-10-03,09:02:00,17:15:00,Present,3.0,Performance Bonus,Bonus,1500.0,2024-09-15,46,2024-10-31,10.0,2024.0,9166.67,Pending
5,Cao Thi Quynh Chi,Female,1992-05-25,0912 648 709,quynhchi.cao@snakecompany.com,"Số 17, Ngõ 22, Phố Tôn Thất Tùng, Đống Đa, Hà Nội",2019-07-01,2,Software Engineer,110000.0,Engineering,"Building B, Floor 2",8,2.0,Lead Developer,2024-03-01,160.0,Unified Login Gateway,2024-03-01,2025-02-28,750000.0,2,45,2024-10-03,09:02:00,17:15:00,Present,8.0,Health Insurance Premium,Deduction,150.0,2024-09-01,9,2024-09-30,9.0,2024.0,10516.67,Paid
5,Cao Thi Quynh Chi,Female,1992-05-25,0912 648 709,quynhchi.cao@snakecompany.com,"Số 17, Ngõ 22, Phố Tôn Thất Tùng, Đống Đa, Hà Nội",2019-07-01,2,Software Engineer,110000.0,Engineering,"Building B, Floor 2",8,2.0,Lead Developer,2024-03-01,160.0,Unified Login Gateway,2024-03-01,2025-02-28,750000.0,2,45,2024-10-03,09:02:00,17:15:00,Present,8.0,Health Insurance Premium,Deduction,150.0,2024-09-01,46,2024-10-31,10.0,2024.0,9166.67,Pending
5,Cao Thi Quynh Chi,Female,1992-05-25,0912 648 709,quynhchi.cao@snakecompany.com,"Số 17, Ngõ 22, Phố Tôn Thất Tùng, Đống Đa, Hà Nội",2019-07-01,2,Software Engineer,110000.0,Engineering,"Building B, Floor 2",21,5.0,Backend Developer,2024-04-05,70.0,Customer Journey Mapping Initiativeh,2024-04-01,2024-10-31,300000.0,4,5,2024-10-01,09:05:00,17:10:00,Present,3.0,Performance Bonus,Bonus,1500.0,2024-09-15,9,2024-09-30,9.0,2024.0,10516.67,Paid
5,Cao Thi Quynh Chi,Female,1992-05-25,0912 648 709,quynhchi.cao@snakecompany.com,"Số 17, Ngõ 22, Phố Tôn Thất Tùng, Đống Đa, Hà Nội",2019-07-01,2,Software Engineer,110000.0,Engineering,"Building B, Floor 2",21,5.0,Backend Developer,2024-04-05,70.0,Customer Journey Mapping Initiativeh,2024-04-01,2024-10-31,300000.0,4,5,2024-10-01,09:05:00,17:10:00,Present,3.0,Performance Bonus,Bonus,1500.0,2024-09-15,46,2024-10-31,10.0,2024.0,9166.67,Pending
5,Cao Thi Quynh Chi,Female,1992-05-25,0912 648 709,quynhchi.cao@snakecompany.com,"Số 17, Ngõ 22, Phố Tôn Thất Tùng, Đống Đa, Hà Nội",2019-07-01,2,Software Engineer,110000.0,Engineering,"Building B, Floor 2",21,5.0,Backend Developer,2024-04-05,70.0,Customer Journey Mapping Initiativeh,2024-04-01,2024-10-31,300000.0,4,5,2024-10-01,09:05:00,17:10:00,Present,8.0,Health Insurance Premium,Deduction,150.0,2024-09-01,9,2024-09-30,9.0,2024.0,10516.67,Paid
5,Cao Thi Quynh Chi,Female,1992-05-25,0912 648 709,quynhchi.cao@snakecompany.com,"Số 17, Ngõ 22, Phố Tôn Thất Tùng, Đống Đa, Hà Nội",2019-07-01,2,Software Engineer,110000.0,Engineering,"Building B, Floor 2",21,5.0,Backend Developer,2024-04-05,70.0,Customer Journey Mapping Initiativeh,2024-04-01,2024-10-31,300000.0,4,5,2024-10-01,09:05:00,17:10:00,Present,8.0,Health Insurance Premium,Deduction,150.0,2024-09-01,46,2024-10-31,10.0,2024.0,9166.67,Pending
5,Cao Thi Quynh Chi,Female,1992-05-25,0912 648 709,quynhchi.cao@snakecompany.com,"Số 17, Ngõ 22, Phố Tôn Thất Tùng, Đống Đa, Hà Nội",2019-07-01,2,Software Engineer,110000.0,Engineering,"Building B, Floor 2",21,5.0,Backend Developer,2024-04-05,70.0,Customer Journey Mapping Initiativeh,2024-04-01,2024-10-31,300000.0,4,25,2024-10-02,09:00:00,17:11:00,Present,3.0,Performance Bonus,Bonus,1500.0,2024-09-15,9,2024-09-30,9.0,2024.0,10516.67,Paid
5,Cao Thi Quynh Chi,Female,1992-05-25,0912 648 709,quynhchi.cao@snakecompany.com,"Số 17, Ngõ 22, Phố Tôn Thất Tùng, Đống Đa, Hà Nội",2019-07-01,2,Software Engineer,110000.0,Engineering,"Building B, Floor 2",21,5.0,Backend Developer,2024-04-05,70.0,Customer Journey Mapping Initiativeh,2024-04-01,2024-10-31,300000.0,4,25,2024-10-02,09:00:00,17:11:00,Present,3.0,Performance Bonus,Bonus,1500.0,2024-09-15,46,2024-10-31,10.0,2024.0,9166.67,Pending
5,Cao Thi Quynh Chi,Female,1992-05-25,0912 648 709,quynhchi.cao@snakecompany.com,"Số 17, Ngõ 22, Phố Tôn Thất Tùng, Đống Đa, Hà Nội",2019-07-01,2,Software Engineer,110000.0,Engineering,"Building B, Floor 2",21,5.0,Backend Developer,2024-04-05,70.0,Customer Journey Mapping Initiativeh,2024-04-01,2024-10-31,300000.0,4,25,2024-10-02,09:00:00,17:11:00,Present,8.0,Health Insurance Premium,Deduction,150.0,2024-09-01,9,2024-09-30,9.0,2024.0,10516.67,Paid
5,Cao Thi Quynh Chi,Female,1992-05-25,0912 648 709,quynhchi.cao@snakecompany.com,"Số 17, Ngõ 22, Phố Tôn Thất Tùng, Đống Đa, Hà Nội",2019-07-01,2,Software Engineer,110000.0,Engineering,"Building B, Floor 2",21,5.0,Backend Developer,2024-04-05,70.0,Customer Journey Mapping Initiativeh,2024-04-01,2024-10-31,300000.0,4,25,2024-10-02,09:00:00,17:11:00,Present,8.0,Health Insurance Premium,Deduction,150.0,2024-09-01,46,2024-10-31,10.0,2024.0,9166.67,Pending
5,Cao Thi Quynh Chi,Female,1992-05-25,0912 648 709,quynhchi.cao@snakecompany.com,"Số 17, Ngõ 22, Phố Tôn Thất Tùng, Đống Đa, Hà Nội",2019-07-01,2,Software Engineer,110000.0,Engineering,"Building B, Floor 2",21,5.0,Backend Developer,2024-04-05,70.0,Customer Journey Mapping Initiativeh,2024-04-01,2024-10-31,300000.0,4,45,2024-10-03,09:02:00,17:15:00,Present,3.0,Performance Bonus,Bonus,1500.0,2024-09-15,9,2024-09-30,9.0,2024.0,10516.67,Paid
5,Cao Thi Quynh Chi,Female,1992-05-25,0912 648 709,quynhchi.cao@snakecompany.com,"Số 17, Ngõ 22, Phố Tôn Thất Tùng, Đống Đa, Hà Nội",2019-07-01,2,Software Engineer,110000.0,Engineering,"Building B, Floor 2",21,5.0,Backend Developer,2024-04-05,70.0,Customer Journey Mapping Initiativeh,2024-04-01,2024-10-31,300000.0,4,45,2024-10-03,09:02:00,17:15:00,Present,3.0,Performance Bonus,Bonus,1500.0,2024-09-15,46,2024-10-31,10.0,2024.0,9166.67,Pending
5,Cao Thi Quynh Chi,Female,1992-05-25,0912 648 709,quynhchi.cao@snakecompany.com,"Số 17, Ngõ 22, Phố Tôn Thất Tùng, Đống Đa, Hà Nội",2019-07-01,2,Software Engineer,110000.0,Engineering,"Building B, Floor 2",21,5.0,Backend Developer,2024-04-05,70.0,Customer Journey Mapping Initiativeh,2024-04-01,2024-10-31,300000.0,4,45,2024-10-03,09:02:00,17:15:00,Present,8.0,Health Insurance Premium,Deduction,150.0,2024-09-01,9,2024-09-30,9.0,2024.0,10516.67,Paid
5,Cao Thi Quynh Chi,Female,1992-05-25,0912 648 709,quynhchi.cao@snakecompany.com,"Số 17, Ngõ 22, Phố Tôn Thất Tùng, Đống Đa, Hà Nội",2019-07-01,2,Software Engineer,110000.0,Engineering,"Building B, Floor 2",21,5.0,Backend Developer,2024-04-05,70.0,Customer Journey Mapping Initiativeh,2024-04-01,2024-10-31,300000.0,4,45,2024-10-03,09:02:00,17:15:00,Present,8.0,Health Insurance Premium,Deduction,150.0,2024-09-01,46,2024-10-31,10.0,2024.0,9166.67,Pending
6,Le Anh Minh,Male,1996-09-12,0983 152 664,anhminh.le@snakecompany.com,"Số 5, Ngách 42/6, Phố Hoàng Quốc Việt, Cầu Giấy, Hà Nội",2021-01-20,2,Junior Engineer,85000.0,Engineering,"Building B, Floor 2",4,1.0,Junior Developer,2024-01-20,180.0,SmartFactory Sensor Hub,2024-01-15,2024-12-15,500000.0,2,6,2024-10-01,,,Absent,13.0,Unpaid Leave,Deduction,326.92,2024-10-01,11,2024-09-30,9.0,2024.0,7083.33,Paid
6,Le Anh Minh,Male,1996-09-12,0983 152 664,anhminh.le@snakecompany.com,"Số 5, Ngách 42/6, Phố Hoàng Quốc Việt, Cầu Giấy, Hà Nội",2021-01-20,2,Junior Engineer,85000.0,Engineering,"Building B, Floor 2",4,1.0,Junior Developer,2024-01-20,180.0,SmartFactory Sensor Hub,2024-01-15,2024-12-15,500000.0,2,6,2024-10-01,,,Absent,13.0,Unpaid Leave,Deduction,326.92,2024-10-01,47,2024-10-31,10.0,2024.0,6756.41,Pending
6,Le Anh Minh,Male,1996-09-12,0983 152 664,anhminh.le@snakecompany.com,"Số 5, Ngách 42/6, Phố Hoàng Quốc Việt, Cầu Giấy, Hà Nội",2021-01-20,2,Junior Engineer,85000.0,Engineering,"Building B, Floor 2",4,1.0,Junior Developer,2024-01-20,180.0,SmartFactory Sensor Hub,2024-01-15,2024-12-15,500000.0,2,26,2024-10-02,09:05:00,17:00:00,Present,13.0,Unpaid Leave,Deduction,326.92,2024-10-01,11,2024-09-30,9.0,2024.0,7083.33,Paid
6,Le Anh Minh,Male,1996-09-12,0983 152 664,anhminh.le@snakecompany.com,"Số 5, Ngách 42/6, Phố Hoàng Quốc Việt, Cầu Giấy, Hà Nội",2021-01-20,2,Junior Engineer,85000.0,Engineering,"Building B, Floor 2",4,1.0,Junior Developer,2024-01-20,180.0,SmartFactory Sensor Hub,2024-01-15,2024-12-15,500000.0,2,26,2024-10-02,09:05:00,17:00:00,Present,13.0,Unpaid Leave,Deduction,326.92,2024-10-01,47,2024-10-31,10.0,2024.0,6756.41,Pending
6,Le Anh Minh,Male,1996-09-12,0983 152 664,anhminh.le@snakecompany.com,"Số 5, Ngách 42/6, Phố Hoàng Quốc Việt, Cầu Giấy, Hà Nội",2021-01-20,2,Junior Engineer,85000.0,Engineering,"Building B, Floor 2",4,1.0,Junior Developer,2024-01-20,180.0,SmartFactory Sensor Hub,2024-01-15,2024-12-15,500000.0,2,46,2024-10-03,09:00:00,17:00:00,Present,13.0,Unpaid Leave,Deduction,326.92,2024-10-01,11,2024-09-30,9.0,2024.0,7083.33,Paid
6,Le Anh Minh,Male,1996-09-12,0983 152 664,anhminh.le@snakecompany.com,"Số 5, Ngách 42/6, Phố Hoàng Quốc Việt, Cầu Giấy, Hà Nội",2021-01-20,2,Junior Engineer,85000.0,Engineering,"Building B, Floor 2",4,1.0,Junior Developer,2024-01-20,180.0,SmartFactory Sensor Hub,2024-01-15,2024-12-15,500000.0,2,46,2024-10-03,09:00:00,17:00:00,Present,13.0,Unpaid Leave,Deduction,326.92,2024-10-01,47,2024-10-31,10.0,2024.0,6756.41,Pending
6,Le Anh Minh,Male,1996-09-12,0983 152 664,anhminh.le@snakecompany.com,"Số 5, Ngách 42/6, Phố Hoàng Quốc Việt, Cầu Giấy, Hà Nội",2021-01-20,2,Junior Engineer,85000.0,Engineering,"Building B, Floor 2",32,8.0,Developer,2024-06-01,65.0,Real-Time Fleet Tracker,2024-06-01,2024-12-31,180000.0,2,6,2024-10-01,,,Absent,13.0,Unpaid Leave,Deduction,326.92,2024-10-01,11,2024-09-30,9.0,2024.0,7083.33,Paid
6,Le Anh Minh,Male,1996-09-12,0983 152 664,anhminh.le@snakecompany.com,"Số 5, Ngách 42/6, Phố Hoàng Quốc Việt, Cầu Giấy, Hà Nội",2021-01-20,2,Junior Engineer,85000.0,Engineering,"Building B, Floor 2",32,8.0,Developer,2024-06-01,65.0,Real-Time Fleet Tracker,2024-06-01,2024-12-31,180000.0,2,6,2024-10-01,,,Absent,13.0,Unpaid Leave,Deduction,326.92,2024-10-01,47,2024-10-31,10.0,2024.0,6756.41,Pending
6,Le Anh Minh,Male,1996-09-12,0983 152 664,anhminh.le@snakecompany.com,"Số 5, Ngách 42/6, Phố Hoàng Quốc Việt, Cầu Giấy, Hà Nội",2021-01-20,2,Junior Engineer,85000.0,Engineering,"Building B, Floor 2",32,8.0,Developer,2024-06-01,65.0,Real-Time Fleet Tracker,2024-06-01,2024-12-31,180000.0,2,26,2024-10-02,09:05:00,17:00:00,Present,13.0,Unpaid Leave,Deduction,326.92,2024-10-01,11,2024-09-30,9.0,2024.0,7083.33,Paid
6,Le Anh Minh,Male,1996-09-12,0983 152 664,anhminh.le@snakecompany.com,"Số 5, Ngách 42/6, Phố Hoàng Quốc Việt, Cầu Giấy, Hà Nội",2021-01-20,2,Junior Engineer,85000.0,Engineering,"Building B, Floor 2",32,8.0,Developer,2024-06-01,65.0,Real-Time Fleet Tracker,2024-06-01,2024-12-31,180000.0,2,26,2024-10-02,09:05:00,17:00:00,Present,13.0,Unpaid Leave,Deduction,326.92,2024-10-01,47,2024-10-31,10.0,2024.0,6756.41,Pending
6,Le Anh Minh,Male,1996-09-12,0983 152 664,anhminh.le@snakecompany.com,"Số 5, Ngách 42/6, Phố Hoàng Quốc Việt, Cầu Giấy, Hà Nội",2021-01-20,2,Junior Engineer,85000.0,Engineering,"Building B, Floor 2",32,8.0,Developer,2024-06-01,65.0,Real-Time Fleet Tracker,2024-06-01,2024-12-31,180000.0,2,46,2024-10-03,09:00:00,17:00:00,Present,13.0,Unpaid Leave,Deduction,326.92,2024-10-01,11,2024-09-30,9.0,2024.0,7083.33,Paid
6,Le Anh Minh,Male,1996-09-12,0983 152 664,anhminh.le@snakecompany.com,"Số 5, Ngách 42/6, Phố Hoàng Quốc Việt, Cầu Giấy, Hà Nội",2021-01-20,2,Junior Engineer,85000.0,Engineering,"Building B, Floor 2",32,8.0,Developer,2024-06-01,65.0,Real-Time Fleet Tracker,2024-06-01,2024-12-31,180000.0,2,46,2024-10-03,09:00:00,17:00:00,Present,13.0,Unpaid Leave,Deduction,326.92,2024-10-01,47,2024-10-31,10.0,2024.0,6756.41,Pending
7,Doan Hoang Linh,Female,1993-02-18,0905 782 119,hoanglinh.doan@snakecompany.com,"Số 19, Ngõ 89, Phố Láng Hạ, Đống Đa, Hà Nội",2020-05-11,2,QA Engineer,95000.0,Engineering,"Building B, Floor 2",5,1.0,QA Lead,2024-01-20,190.5,SmartFactory Sensor Hub,2024-01-15,2024-12-15,500000.0,2,7,2024-10-01,09:00:00,17:00:00,Present,,,,,,13,2024-09-30,9.0,2024.0,7916.67,Paid
7,Doan Hoang Linh,Female,1993-02-18,0905 782 119,hoanglinh.doan@snakecompany.com,"Số 19, Ngõ 89, Phố Láng Hạ, Đống Đa, Hà Nội",2020-05-11,2,QA Engineer,95000.0,Engineering,"Building B, Floor 2",5,1.0,QA Lead,2024-01-20,190.5,SmartFactory Sensor Hub,2024-01-15,2024-12-15,500000.0,2,7,2024-10-01,09:00:00,17:00:00,Present,,,,,,48,2024-10-31,10.0,2024.0,7916.67,Pending
7,Doan Hoang Linh,Female,1993-02-18,0905 782 119,hoanglinh.doan@snakecompany.com,"Số 19, Ngõ 89, Phố Láng Hạ, Đống Đa, Hà Nội",2020-05-11,2,QA Engineer,95000.0,Engineering,"Building B, Floor 2",5,1.0,QA Lead,2024-01-20,190.5,SmartFactory Sensor Hub,2024-01-15,2024-12-15,500000.0,2,27,2024-10-02,09:01:00,17:00:00,Present,,,,,,13,2024-09-30,9.0,2024.0,7916.67,Paid
7,Doan Hoang Linh,Female,1993-02-18,0905 782 119,hoanglinh.doan@snakecompany.com,"Số 19, Ngõ 89, Phố Láng Hạ, Đống Đa, Hà Nội",2020-05-11,2,QA Engineer,95000.0,Engineering,"Building B, Floor 2",5,1.0,QA Lead,2024-01-20,190.5,SmartFactory Sensor Hub,2024-01-15,2024-12-15,500000.0,2,27,2024-10-02,09:01:00,17:00:00,Present,,,,,,48,2024-10-31,10.0,2024.0,7916.67,Pending
7,Doan Hoang Linh,Female,1993-02-18,0905 782 119,hoanglinh.doan@snakecompany.com,"Số 19, Ngõ 89, Phố Láng Hạ, Đống Đa, Hà Nội",2020-05-11,2,QA Engineer,95000.0,Engineering,"Building B, Floor 2",5,1.0,QA Lead,2024-01-20,190.5,SmartFactory Sensor Hub,2024-01-15,2024-12-15,500000.0,2,47,2024-10-03,09:00:00,17:01:00,Present,,,,,,13,2024-09-30,9.0,2024.0,7916.67,Paid
7,Doan Hoang Linh,Female,1993-02-18,0905 782 119,hoanglinh.doan@snakecompany.com,"Số 19, Ngõ 89, Phố Láng Hạ, Đống Đa, Hà Nội",2020-05-11,2,QA Engineer,95000.0,Engineering,"Building B, Floor 2",5,1.0,QA Lead,2024-01-20,190.5,SmartFactory Sensor Hub,2024-01-15,2024-12-15,500000.0,2,47,2024-10-03,09:00:00,17:01:00,Present,,,,,,48,2024-10-31,10.0,2024.0,7916.67,Pending
7,Doan Hoang Linh,Female,1993-02-18,0905 782 119,hoanglinh.doan@snakecompany.com,"Số 19, Ngõ 89, Phố Láng Hạ, Đống Đa, Hà Nội",2020-05-11,2,QA Engineer,95000.0,Engineering,"Building B, Floor 2",33,8.0,QA,2024-06-05,70.0,Real-Time Fleet Tracker,2024-06-01,2024-12-31,180000.0,2,7,2024-10-01,09:00:00,17:00:00,Present,,,,,,13,2024-09-30,9.0,2024.0,7916.67,Paid
7,Doan Hoang Linh,Female,1993-02-18,0905 782 119,hoanglinh.doan@snakecompany.com,"Số 19, Ngõ 89, Phố Láng Hạ, Đống Đa, Hà Nội",2020-05-11,2,QA Engineer,95000.0,Engineering,"Building B, Floor 2",33,8.0,QA,2024-06-05,70.0,Real-Time Fleet Tracker,2024-06-01,2024-12-31,180000.0,2,7,2024-10-01,09:00:00,17:00:00,Present,,,,,,48,2024-10-31,10.0,2024.0,7916.67,Pending
7,Doan Hoang Linh,Female,1993-02-18,0905 782 119,hoanglinh.doan@snakecompany.com,"Số 19, Ngõ 89, Phố Láng Hạ, Đống Đa, Hà Nội",2020-05-11,2,QA Engineer,95000.0,Engineering,"Building B, Floor 2",33,8.0,QA,2024-06-05,70.0,Real-Time Fleet Tracker,2024-06-01,2024-12-31,180000.0,2,27,2024-10-02,09:01:00,17:00:00,Present,,,,,,13,2024-09-30,9.0,2024.0,7916.67,Paid
7,Doan Hoang Linh,Female,1993-02-18,0905 782 119,hoanglinh.doan@snakecompany.com,"Số 19, Ngõ 89, Phố Láng Hạ, Đống Đa, Hà Nội",2020-05-11,2,QA Engineer,95000.0,Engineering,"Building B, Floor 2",33,8.0,QA,2024-06-05,70.0,Real-Time Fleet Tracker,2024-06-01,2024-12-31,180000.0,2,27,2024-10-02,09:01:00,17:00:00,Present,,,,,,48,2024-10-31,10.0,2024.0,7916.67,Pending
7,Doan Hoang Linh,Female,1993-02-18,0905 782 119,hoanglinh.doan@snakecompany.com,"Số 19, Ngõ 89, Phố Láng Hạ, Đống Đa, Hà Nội",2020-05-11,2,QA Engineer,95000.0,Engineering,"Building B, Floor 2",33,8.0,QA,2024-06-05,70.0,Real-Time Fleet Tracker,2024-06-01,2024-12-31,180000.0,2,47,2024-10-03,09:00:00,17:01:00,Present,,,,,,13,2024-09-30,9.0,2024.0,7916.67,Paid
7,Doan Hoang Linh,Female,1993-02-18,0905 782 119,hoanglinh.doan@snakecompany.com,"Số 19, Ngõ 89, Phố Láng Hạ, Đống Đa, Hà Nội",2020-05-11,2,QA Engineer,95000.0,Engineering,"Building B, Floor 2",33,8.0,QA,2024-06-05,70.0,Real-Time Fleet Tracker,2024-06-01,2024-12-31,180000.0,2,47,2024-10-03,09:00:00,17:01:00,Present,,,,,,48,2024-10-31,10.0,2024.0,7916.67,Pending
8,Le Khang Minh,Male,1988-12-05,0888 340 957,khangminh.le@snakecompany.com,"Số 66, Ngõ 100, Phố Trung Kính, Cầu Giấy, Hà Nội",2017-11-05,2,DevOps Engineer,120000.0,Engineering,"Building B, Floor 2",9,2.0,DevOps Specialist,2024-03-05,140.0,Unified Login Gateway,2024-03-01,2025-02-28,750000.0,2,8,2024-10-01,08:58:00,17:08:00,Present,9.0,401k Contribution,Deduction,500.0,2024-09-01,15,2024-09-30,9.0,2024.0,9500.0,Paid
8,Le Khang Minh,Male,1988-12-05,0888 340 957,khangminh.le@snakecompany.com,"Số 66, Ngõ 100, Phố Trung Kính, Cầu Giấy, Hà Nội",2017-11-05,2,DevOps Engineer,120000.0,Engineering,"Building B, Floor 2",9,2.0,DevOps Specialist,2024-03-05,140.0,Unified Login Gateway,2024-03-01,2025-02-28,750000.0,2,8,2024-10-01,08:58:00,17:08:00,Present,9.0,401k Contribution,Deduction,500.0,2024-09-01,49,2024-10-31,10.0,2024.0,10000.0,Pending
8,Le Khang Minh,Male,1988-12-05,0888 340 957,khangminh.le@snakecompany.com,"Số 66, Ngõ 100, Phố Trung Kính, Cầu Giấy, Hà Nội",2017-11-05,2,DevOps Engineer,120000.0,Engineering,"Building B, Floor 2",9,2.0,DevOps Specialist,2024-03-05,140.0,Unified Login Gateway,2024-03-01,2025-02-28,750000.0,2,28,2024-10-02,08:59:00,17:05:00,Present,9.0,401k Contribution,Deduction,500.0,2024-09-01,15,2024-09-30,9.0,2024.0,9500.0,Paid
8,Le Khang Minh,Male,1988-12-05,0888 340 957,khangminh.le@snakecompany.com,"Số 66, Ngõ 100, Phố Trung Kính, Cầu Giấy, Hà Nội",2017-11-05,2,DevOps Engineer,120000.0,Engineering,"Building B, Floor 2",9,2.0,DevOps Specialist,2024-03-05,140.0,Unified Login Gateway,2024-03-01,2025-02-28,750000.0,2,28,2024-10-02,08:59:00,17:05:00,Present,9.0,401k Contribution,Deduction,500.0,2024-09-01,49,2024-10-31,10.0,2024.0,10000.0,Pending
8,Le Khang Minh,Male,1988-12-05,0888 340 957,khangminh.le@snakecompany.com,"Số 66, Ngõ 100, Phố Trung Kính, Cầu Giấy, Hà Nội",2017-11-05,2,DevOps Engineer,120000.0,Engineering,"Building B, Floor 2",9,2.0,DevOps Specialist,2024-03-05,140.0,Unified Login Gateway,2024-03-01,2025-02-28,750000.0,2,48,2024-10-03,08:57:00,17:02:00,Present,9.0,401k Contribution,Deduction,500.0,2024-09-01,15,2024-09-30,9.0,2024.0,9500.0,Paid
8,Le Khang Minh,Male,1988-12-05,0888 340 957,khangminh.le@snakecompany.com,"Số 66, Ngõ 100, Phố Trung Kính, Cầu Giấy, Hà Nội",2017-11-05,2,DevOps Engineer,120000.0,Engineering,"Building B, Floor 2",9,2.0,DevOps Specialist,2024-03-05,140.0,Unified Login Gateway,2024-03-01,2025-02-28,750000.0,2,48,2024-10-03,08:57:00,17:02:00,Present,9.0,401k Contribution,Deduction,500.0,2024-09-01,49,2024-10-31,10.0,2024.0,10000.0,Pending
8,Le Khang Minh,Male,1988-12-05,0888 340 957,khangminh.le@snakecompany.com,"Số 66, Ngõ 100, Phố Trung Kính, Cầu Giấy, Hà Nội",2017-11-05,2,DevOps Engineer,120000.0,Engineering,"Building B, Floor 2",31,8.0,DevOps Lead,2024-06-01,80.0,Real-Time Fleet Tracker,2024-06-01,2024-12-31,180000.0,2,8,2024-10-01,08:58:00,17:08:00,Present,9.0,401k Contribution,Deduction,500.0,2024-09-01,15,2024-09-30,9.0,2024.0,9500.0,Paid
8,Le Khang Minh,Male,1988-12-05,0888 340 957,khangminh.le@snakecompany.com,"Số 66, Ngõ 100, Phố Trung Kính, Cầu Giấy, Hà Nội",2017-11-05,2,DevOps Engineer,120000.0,Engineering,"Building B, Floor 2",31,8.0,DevOps Lead,2024-06-01,80.0,Real-Time Fleet Tracker,2024-06-01,2024-12-31,180000.0,2,8,2024-10-01,08:58:00,17:08:00,Present,9.0,401k Contribution,Deduction,500.0,2024-09-01,49,2024-10-31,10.0,2024.0,10000.0,Pending
8,Le Khang Minh,Male,1988-12-05,0888 340 957,khangminh.le@snakecompany.com,"Số 66, Ngõ 100, Phố Trung Kính, Cầu Giấy, Hà Nội",2017-11-05,2,DevOps Engineer,120000.0,Engineering,"Building B, Floor 2",31,8.0,DevOps Lead,2024-06-01,80.0,Real-Time Fleet Tracker,2024-06-01,2024-12-31,180000.0,2,28,2024-10-02,08:59:00,17:05:00,Present,9.0,401k Contribution,Deduction,500.0,2024-09-01,15,2024-09-30,9.0,2024.0,9500.0,Paid
8,Le Khang Minh,Male,1988-12-05,0888 340 957,khangminh.le@snakecompany.com,"Số 66, Ngõ 100, Phố Trung Kính, Cầu Giấy, Hà Nội",2017-11-05,2,DevOps Engineer,120000.0,Engineering,"Building B, Floor 2",31,8.0,DevOps Lead,2024-06-01,80.0,Real-Time Fleet Tracker,2024-06-01,2024-12-31,180000.0,2,28,2024-10-02,08:59:00,17:05:00,Present,9.0,401k Contribution,Deduction,500.0,2024-09-01,49,2024-10-31,10.0,2024.0,10000.0,Pending
8,Le Khang Minh,Male,1988-12-05,0888 340 957,khangminh.le@snakecompany.com,"Số 66, Ngõ 100, Phố Trung Kính, Cầu Giấy, Hà Nội",2017-11-05,2,DevOps Engineer,120000.0,Engineering,"Building B, Floor 2",31,8.0,DevOps Lead,2024-06-01,80.0,Real-Time Fleet Tracker,2024-06-01,2024-12-31,180000.0,2,48,2024-10-03,08:57:00,17:02:00,Present,9.0,401k Contribution,Deduction,500.0,2024-09-01,15,2024-09-30,9.0,2024.0,9500.0,Paid
8,Le Khang Minh,Male,1988-12-05,0888 340 957,khangminh.le@snakecompany.com,"Số 66, Ngõ 100, Phố Trung Kính, Cầu Giấy, Hà Nội",2017-11-05,2,DevOps Engineer,120000.0,Engineering,"Building B, Floor 2",31,8.0,DevOps Lead,2024-06-01,80.0,Real-Time Fleet Tracker,2024-06-01,2024-12-31,180000.0,2,48,2024-10-03,08:57:00,17:02:00,Present,9.0,401k Contribution,Deduction,500.0,2024-09-01,49,2024-10-31,10.0,2024.0,10000.0,Pending
9,Dinh Tung Duong,Male,1987-08-19,0946 212 880,tungduong.dinh@snakecompany.com,"Số 9, Ngõ 12, Phố Nguyễn Xiển, Thanh Xuân, Hà Nội",2016-04-25,3,Sales Manager,100000.0,Sales,"Building A, Floor 2",11,3.0,Project Manager,2024-02-01,100.0,B2B Lead Qualification Framework,2024-02-01,2024-08-01,200000.0,3,9,2024-10-01,08:30:00,17:15:00,Present,16.0,Sales Commission,Bonus,1800.0,2024-10-10,17,2024-09-30,9.0,2024.0,8333.33,Paid
9,Dinh Tung Duong,Male,1987-08-19,0946 212 880,tungduong.dinh@snakecompany.com,"Số 9, Ngõ 12, Phố Nguyễn Xiển, Thanh Xuân, Hà Nội",2016-04-25,3,Sales Manager,100000.0,Sales,"Building A, Floor 2",11,3.0,Project Manager,2024-02-01,100.0,B2B Lead Qualification Framework,2024-02-01,2024-08-01,200000.0,3,9,2024-10-01,08:30:00,17:15:00,Present,16.0,Sales Commission,Bonus,1800.0,2024-10-10,50,2024-10-31,10.0,2024.0,10133.33,Pending
9,Dinh Tung Duong,Male,1987-08-19,0946 212 880,tungduong.dinh@snakecompany.com,"Số 9, Ngõ 12, Phố Nguyễn Xiển, Thanh Xuân, Hà Nội",2016-04-25,3,Sales Manager,100000.0,Sales,"Building A, Floor 2",11,3.0,Project Manager,2024-02-01,100.0,B2B Lead Qualification Framework,2024-02-01,2024-08-01,200000.0,3,29,2024-10-02,08:35:00,17:10:00,Present,16.0,Sales Commission,Bonus,1800.0,2024-10-10,17,2024-09-30,9.0,2024.0,8333.33,Paid
9,Dinh Tung Duong,Male,1987-08-19,0946 212 880,tungduong.dinh@snakecompany.com,"Số 9, Ngõ 12, Phố Nguyễn Xiển, Thanh Xuân, Hà Nội",2016-04-25,3,Sales Manager,100000.0,Sales,"Building A, Floor 2",11,3.0,Project Manager,2024-02-01,100.0,B2B Lead Qualification Framework,2024-02-01,2024-08-01,200000.0,3,29,2024-10-02,08:35:00,17:10:00,Present,16.0,Sales Commission,Bonus,1800.0,2024-10-10,50,2024-10-31,10.0,2024.0,10133.33,Pending
9,Dinh Tung Duong,Male,1987-08-19,0946 212 880,tungduong.dinh@snakecompany.com,"Số 9, Ngõ 12, Phố Nguyễn Xiển, Thanh Xuân, Hà Nội",2016-04-25,3,Sales Manager,100000.0,Sales,"Building A, Floor 2",11,3.0,Project Manager,2024-02-01,100.0,B2B Lead Qualification Framework,2024-02-01,2024-08-01,200000.0,3,49,2024-10-03,08:40:00,17:20:00,Present,16.0,Sales Commission,Bonus,1800.0,2024-10-10,17,2024-09-30,9.0,2024.0,8333.33,Paid
9,Dinh Tung Duong,Male,1987-08-19,0946 212 880,tungduong.dinh@snakecompany.com,"Số 9, Ngõ 12, Phố Nguyễn Xiển, Thanh Xuân, Hà Nội",2016-04-25,3,Sales Manager,100000.0,Sales,"Building A, Floor 2",11,3.0,Project Manager,2024-02-01,100.0,B2B Lead Qualification Framework,2024-02-01,2024-08-01,200000.0,3,49,2024-10-03,08:40:00,17:20:00,Present,16.0,Sales Commission,Bonus,1800.0,2024-10-10,50,2024-10-31,10.0,2024.0,10133.33,Pending
10,Dinh Ngoc Mai,Female,1991-04-02,0327 549 633,ngocmai.dinh@snakecompany.com,"Số 45, Ngõ 29, Phố Kim Mã, Ba Đình, Hà Nội",2018-08-01,3,Account Executive,70000.0,Sales,"Building A, Floor 2",12,3.0,User Testing,2024-02-15,60.5,B2B Lead Qualification Framework,2024-02-01,2024-08-01,200000.0,3,10,2024-10-01,08:45:00,17:00:00,Present,4.0,Sales Commission,Bonus,1200.0,2024-09-10,19,2024-09-30,9.0,2024.0,6733.33,Paid
10,Dinh Ngoc Mai,Female,1991-04-02,0327 549 633,ngocmai.dinh@snakecompany.com,"Số 45, Ngõ 29, Phố Kim Mã, Ba Đình, Hà Nội",2018-08-01,3,Account Executive,70000.0,Sales,"Building A, Floor 2",12,3.0,User Testing,2024-02-15,60.5,B2B Lead Qualification Framework,2024-02-01,2024-08-01,200000.0,3,10,2024-10-01,08:45:00,17:00:00,Present,4.0,Sales Commission,Bonus,1200.0,2024-09-10,51,2024-10-31,10.0,2024.0,5833.33,Pending
10,Dinh Ngoc Mai,Female,1991-04-02,0327 549 633,ngocmai.dinh@snakecompany.com,"Số 45, Ngõ 29, Phố Kim Mã, Ba Đình, Hà Nội",2018-08-01,3,Account Executive,70000.0,Sales,"Building A, Floor 2",12,3.0,User Testing,2024-02-15,60.5,B2B Lead Qualification Framework,2024-02-01,2024-08-01,200000.0,3,10,2024-10-01,08:45:00,17:00:00,Present,10.0,401k Contribution,Deduction,300.0,2024-09-01,19,2024-09-30,9.0,2024.0,6733.33,Paid
10,Dinh Ngoc Mai,Female,1991-04-02,0327 549 633,ngocmai.dinh@snakecompany.com,"Số 45, Ngõ 29, Phố Kim Mã, Ba Đình, Hà Nội",2018-08-01,3,Account Executive,70000.0,Sales,"Building A, Floor 2",12,3.0,User Testing,2024-02-15,60.5,B2B Lead Qualification Framework,2024-02-01,2024-08-01,200000.0,3,10,2024-10-01,08:45:00,17:00:00,Present,10.0,401k Contribution,Deduction,300.0,2024-09-01,51,2024-10-31,10.0,2024.0,5833.33,Pending
10,Dinh Ngoc Mai,Female,1991-04-02,0327 549 633,ngocmai.dinh@snakecompany.com,"Số 45, Ngõ 29, Phố Kim Mã, Ba Đình, Hà Nội",2018-08-01,3,Account Executive,70000.0,Sales,"Building A, Floor 2",12,3.0,User Testing,2024-02-15,60.5,B2B Lead Qualification Framework,2024-02-01,2024-08-01,200000.0,3,30,2024-10-02,,,On Leave,4.0,Sales Commission,Bonus,1200.0,2024-09-10,19,2024-09-30,9.0,2024.0,6733.33,Paid
10,Dinh Ngoc Mai,Female,1991-04-02,0327 549 633,ngocmai.dinh@snakecompany.com,"Số 45, Ngõ 29, Phố Kim Mã, Ba Đình, Hà Nội",2018-08-01,3,Account Executive,70000.0,Sales,"Building A, Floor 2",12,3.0,User Testing,2024-02-15,60.5,B2B Lead Qualification Framework,2024-02-01,2024-08-01,200000.0,3,30,2024-10-02,,,On Leave,4.0,Sales Commission,Bonus,1200.0,2024-09-10,51,2024-10-31,10.0,2024.0,5833.33,Pending
10,Dinh Ngoc Mai,Female,1991-04-02,0327 549 633,ngocmai.dinh@snakecompany.com,"Số 45, Ngõ 29, Phố Kim Mã, Ba Đình, Hà Nội",2018-08-01,3,Account Executive,70000.0,Sales,"Building A, Floor 2",12,3.0,User Testing,2024-02-15,60.5,B2B Lead Qualification Framework,2024-02-01,2024-08-01,200000.0,3,30,2024-10-02,,,On Leave,10.0,401k Contribution,Deduction,300.0,2024-09-01,19,2024-09-30,9.0,2024.0,6733.33,Paid
10,Dinh Ngoc Mai,Female,1991-04-02,0327 549 633,ngocmai.dinh@snakecompany.com,"Số 45, Ngõ 29, Phố Kim Mã, Ba Đình, Hà Nội",2018-08-01,3,Account Executive,70000.0,Sales,"Building A, Floor 2",12,3.0,User Testing,2024-02-15,60.5,B2B Lead Qualification Framework,2024-02-01,2024-08-01,200000.0,3,30,2024-10-02,,,On Leave,10.0,401k Contribution,Deduction,300.0,2024-09-01,51,2024-10-31,10.0,2024.0,5833.33,Pending
10,Dinh Ngoc Mai,Female,1991-04-02,0327 549 633,ngocmai.dinh@snakecompany.com,"Số 45, Ngõ 29, Phố Kim Mã, Ba Đình, Hà Nội",2018-08-01,3,Account Executive,70000.0,Sales,"Building A, Floor 2",12,3.0,User Testing,2024-02-15,60.5,B2B Lead Qualification Framework,2024-02-01,2024-08-01,200000.0,3,50,2024-10-03,08:45:00,17:00:00,Present,4.0,Sales Commission,Bonus,1200.0,2024-09-10,19,2024-09-30,9.0,2024.0,6733.33,Paid
10,Dinh Ngoc Mai,Female,1991-04-02,0327 549 633,ngocmai.dinh@snakecompany.com,"Số 45, Ngõ 29, Phố Kim Mã, Ba Đình, Hà Nội",2018-08-01,3,Account Executive,70000.0,Sales,"Building A, Floor 2",12,3.0,User Testing,2024-02-15,60.5,B2B Lead Qualification Framework,2024-02-01,2024-08-01,200000.0,3,50,2024-10-03,08:45:00,17:00:00,Present,4.0,Sales Commission,Bonus,1200.0,2024-09-10,51,2024-10-31,10.0,2024.0,5833.33,Pending
10,Dinh Ngoc Mai,Female,1991-04-02,0327 549 633,ngocmai.dinh@snakecompany.com,"Số 45, Ngõ 29, Phố Kim Mã, Ba Đình, Hà Nội",2018-08-01,3,Account Executive,70000.0,Sales,"Building A, Floor 2",12,3.0,User Testing,2024-02-15,60.5,B2B Lead Qualification Framework,2024-02-01,2024-08-01,200000.0,3,50,2024-10-03,08:45:00,17:00:00,Present,10.0,401k Contribution,Deduction,300.0,2024-09-01,19,2024-09-30,9.0,2024.0,6733.33,Paid
10,Dinh Ngoc Mai,Female,1991-04-02,0327 549 633,ngocmai.dinh@snakecompany.com,"Số 45, Ngõ 29, Phố Kim Mã, Ba Đình, Hà Nội",2018-08-01,3,Account Executive,70000.0,Sales,"Building A, Floor 2",12,3.0,User Testing,2024-02-15,60.5,B2B Lead Qualification Framework,2024-02-01,2024-08-01,200000.0,3,50,2024-10-03,08:45:00,17:00:00,Present,10.0,401k Contribution,Deduction,300.0,2024-09-01,51,2024-10-31,10.0,2024.0,5833.33,Pending
10,Dinh Ngoc Mai,Female,1991-04-02,0327 549 633,ngocmai.dinh@snakecompany.com,"Số 45, Ngõ 29, Phố Kim Mã, Ba Đình, Hà Nội",2018-08-01,3,Account Executive,70000.0,Sales,"Building A, Floor 2",34,5.0,Sales Consultant,2024-04-15,30.0,Customer Journey Mapping Initiativeh,2024-04-01,2024-10-31,300000.0,4,10,2024-10-01,08:45:00,17:00:00,Present,4.0,Sales Commission,Bonus,1200.0,2024-09-10,19,2024-09-30,9.0,2024.0,6733.33,Paid
10,Dinh Ngoc Mai,Female,1991-04-02,0327 549 633,ngocmai.dinh@snakecompany.com,"Số 45, Ngõ 29, Phố Kim Mã, Ba Đình, Hà Nội",2018-08-01,3,Account Executive,70000.0,Sales,"Building A, Floor 2",34,5.0,Sales Consultant,2024-04-15,30.0,Customer Journey Mapping Initiativeh,2024-04-01,2024-10-31,300000.0,4,10,2024-10-01,08:45:00,17:00:00,Present,4.0,Sales Commission,Bonus,1200.0,2024-09-10,51,2024-10-31,10.0,2024.0,5833.33,Pending
10,Dinh Ngoc Mai,Female,1991-04-02,0327 549 633,ngocmai.dinh@snakecompany.com,"Số 45, Ngõ 29, Phố Kim Mã, Ba Đình, Hà Nội",2018-08-01,3,Account Executive,70000.0,Sales,"Building A, Floor 2",34,5.0,Sales Consultant,2024-04-15,30.0,Customer Journey Mapping Initiativeh,2024-04-01,2024-10-31,300000.0,4,10,2024-10-01,08:45:00,17:00:00,Present,10.0,401k Contribution,Deduction,300.0,2024-09-01,19,2024-09-30,9.0,2024.0,6733.33,Paid
10,Dinh Ngoc Mai,Female,1991-04-02,0327 549 633,ngocmai.dinh@snakecompany.com,"Số 45, Ngõ 29, Phố Kim Mã, Ba Đình, Hà Nội",2018-08-01,3,Account Executive,70000.0,Sales,"Building A, Floor 2",34,5.0,Sales Consultant,2024-04-15,30.0,Customer Journey Mapping Initiativeh,2024-04-01,2024-10-31,300000.0,4,10,2024-10-01,08:45:00,17:00:00,Present,10.0,401k Contribution,Deduction,300.0,2024-09-01,51,2024-10-31,10.0,2024.0,5833.33,Pending
10,Dinh Ngoc Mai,Female,1991-04-02,0327 549 633,ngocmai.dinh@snakecompany.com,"Số 45, Ngõ 29, Phố Kim Mã, Ba Đình, Hà Nội",2018-08-01,3,Account Executive,70000.0,Sales,"Building A, Floor 2",34,5.0,Sales Consultant,2024-04-15,30.0,Customer Journey Mapping Initiativeh,2024-04-01,2024-10-31,300000.0,4,30,2024-10-02,,,On Leave,4.0,Sales Commission,Bonus,1200.0,2024-09-10,19,2024-09-30,9.0,2024.0,6733.33,Paid
10,Dinh Ngoc Mai,Female,1991-04-02,0327 549 633,ngocmai.dinh@snakecompany.com,"Số 45, Ngõ 29, Phố Kim Mã, Ba Đình, Hà Nội",2018-08-01,3,Account Executive,70000.0,Sales,"Building A, Floor 2",34,5.0,Sales Consultant,2024-04-15,30.0,Customer Journey Mapping Initiativeh,2024-04-01,2024-10-31,300000.0,4,30,2024-10-02,,,On Leave,4.0,Sales Commission,Bonus,1200.0,2024-09-10,51,2024-10-31,10.0,2024.0,5833.33,Pending
10,Dinh Ngoc Mai,Female,1991-04-02,0327 549 633,ngocmai.dinh@snakecompany.com,"Số 45, Ngõ 29, Phố Kim Mã, Ba Đình, Hà Nội",2018-08-01,3,Account Executive,70000.0,Sales,"Building A, Floor 2",34,5.0,Sales Consultant,2024-04-15,30.0,Customer Journey Mapping Initiativeh,2024-04-01,2024-10-31,300000.0,4,30,2024-10-02,,,On Leave,10.0,401k Contribution,Deduction,300.0,2024-09-01,19,2024-09-30,9.0,2024.0,6733.33,Paid
10,Dinh Ngoc Mai,Female,1991-04-02,0327 549 633,ngocmai.dinh@snakecompany.com,"Số 45, Ngõ 29, Phố Kim Mã, Ba Đình, Hà Nội",2018-08-01,3,Account Executive,70000.0,Sales,"Building A, Floor 2",34,5.0,Sales Consultant,2024-04-15,30.0,Customer Journey Mapping Initiativeh,2024-04-01,2024-10-31,300000.0,4,30,2024-10-02,,,On Leave,10.0,401k Contribution,Deduction,300.0,2024-09-01,51,2024-10-31,10.0,2024.0,5833.33,Pending
10,Dinh Ngoc Mai,Female,1991-04-02,0327 549 633,ngocmai.dinh@snakecompany.com,"Số 45, Ngõ 29, Phố Kim Mã, Ba Đình, Hà Nội",2018-08-01,3,Account Executive,70000.0,Sales,"Building A, Floor 2",34,5.0,Sales Consultant,2024-04-15,30.0,Customer Journey Mapping Initiativeh,2024-04-01,2024-10-31,300000.0,4,50,2024-10-03,08:45:00,17:00:00,Present,4.0,Sales Commission,Bonus,1200.0,2024-09-10,19,2024-09-30,9.0,2024.0,6733.33,Paid
10,Dinh Ngoc Mai,Female,1991-04-02,0327 549 633,ngocmai.dinh@snakecompany.com,"Số 45, Ngõ 29, Phố Kim Mã, Ba Đình, Hà Nội",2018-08-01,3,Account Executive,70000.0,Sales,"Building A, Floor 2",34,5.0,Sales Consultant,2024-04-15,30.0,Customer Journey Mapping Initiativeh,2024-04-01,2024-10-31,300000.0,4,50,2024-10-03,08:45:00,17:00:00,Present,4.0,Sales Commission,Bonus,1200.0,2024-09-10,51,2024-10-31,10.0,2024.0,5833.33,Pending
10,Dinh Ngoc Mai,Female,1991-04-02,0327 549 633,ngocmai.dinh@snakecompany.com,"Số 45, Ngõ 29, Phố Kim Mã, Ba Đình, Hà Nội",2018-08-01,3,Account Executive,70000.0,Sales,"Building A, Floor 2",34,5.0,Sales Consultant,2024-04-15,30.0,Customer Journey Mapping Initiativeh,2024-04-01,2024-10-31,300000.0,4,50,2024-10-03,08:45:00,17:00:00,Present,10.0,401k Contribution,Deduction,300.0,2024-09-01,19,2024-09-30,9.0,2024.0,6733.33,Paid
10,Dinh Ngoc Mai,Female,1991-04-02,0327 549 633,ngocmai.dinh@snakecompany.com,"Số 45, Ngõ 29, Phố Kim Mã, Ba Đình, Hà Nội",2018-08-01,3,Account Executive,70000.0,Sales,"Building A, Floor 2",34,5.0,Sales Consultant,2024-04-15,30.0,Customer Journey Mapping Initiativeh,2024-04-01,2024-10-31,300000.0,4,50,2024-10-03,08:45:00,17:00:00,Present,10.0,401k Contribution,Deduction,300.0,2024-09-01,51,2024-10-31,10.0,2024.0,5833.33,Pending
11,Le Thanh Hai,Male,1994-06-14,0386 720 418,thanhhai.le@snakecompany.com,"Số 3, Ngõ 43, Phố Giải Phóng, Hai Bà Trưng, Hà Nội",2021-03-12,3,Sales Associate,55000.0,Sales,"Building A, Floor 2",13,3.0,Sales Tester,2024-02-15,45.0,B2B Lead Qualification Framework,2024-02-01,2024-08-01,200000.0,3,11,2024-10-01,09:02:00,17:01:00,Present,20.0,Parking Fee,Deduction,50.0,2024-10-01,21,2024-09-30,9.0,2024.0,4583.33,Paid
11,Le Thanh Hai,Male,1994-06-14,0386 720 418,thanhhai.le@snakecompany.com,"Số 3, Ngõ 43, Phố Giải Phóng, Hai Bà Trưng, Hà Nội",2021-03-12,3,Sales Associate,55000.0,Sales,"Building A, Floor 2",13,3.0,Sales Tester,2024-02-15,45.0,B2B Lead Qualification Framework,2024-02-01,2024-08-01,200000.0,3,11,2024-10-01,09:02:00,17:01:00,Present,20.0,Parking Fee,Deduction,50.0,2024-10-01,52,2024-10-31,10.0,2024.0,4533.33,Pending
11,Le Thanh Hai,Male,1994-06-14,0386 720 418,thanhhai.le@snakecompany.com,"Số 3, Ngõ 43, Phố Giải Phóng, Hai Bà Trưng, Hà Nội",2021-03-12,3,Sales Associate,55000.0,Sales,"Building A, Floor 2",13,3.0,Sales Tester,2024-02-15,45.0,B2B Lead Qualification Framework,2024-02-01,2024-08-01,200000.0,3,31,2024-10-02,09:00:00,17:00:00,Present,20.0,Parking Fee,Deduction,50.0,2024-10-01,21,2024-09-30,9.0,2024.0,4583.33,Paid
11,Le Thanh Hai,Male,1994-06-14,0386 720 418,thanhhai.le@snakecompany.com,"Số 3, Ngõ 43, Phố Giải Phóng, Hai Bà Trưng, Hà Nội",2021-03-12,3,Sales Associate,55000.0,Sales,"Building A, Floor 2",13,3.0,Sales Tester,2024-02-15,45.0,B2B Lead Qualification Framework,2024-02-01,2024-08-01,200000.0,3,31,2024-10-02,09:00:00,17:00:00,Present,20.0,Parking Fee,Deduction,50.0,2024-10-01,52,2024-10-31,10.0,2024.0,4533.33,Pending
11,Le Thanh Hai,Male,1994-06-14,0386 720 418,thanhhai.le@snakecompany.com,"Số 3, Ngõ 43, Phố Giải Phóng, Hai Bà Trưng, Hà Nội",2021-03-12,3,Sales Associate,55000.0,Sales,"Building A, Floor 2",13,3.0,Sales Tester,2024-02-15,45.0,B2B Lead Qualification Framework,2024-02-01,2024-08-01,200000.0,3,51,2024-10-03,09:00:00,17:00:00,Present,20.0,Parking Fee,Deduction,50.0,2024-10-01,21,2024-09-30,9.0,2024.0,4583.33,Paid
11,Le Thanh Hai,Male,1994-06-14,0386 720 418,thanhhai.le@snakecompany.com,"Số 3, Ngõ 43, Phố Giải Phóng, Hai Bà Trưng, Hà Nội",2021-03-12,3,Sales Associate,55000.0,Sales,"Building A, Floor 2",13,3.0,Sales Tester,2024-02-15,45.0,B2B Lead Qualification Framework,2024-02-01,2024-08-01,200000.0,3,51,2024-10-03,09:00:00,17:00:00,Present,20.0,Parking Fee,Deduction,50.0,2024-10-01,52,2024-10-31,10.0,2024.0,4533.33,Pending
12,Do Thuy Ngoc,Female,1989-10-20,0379 664 251,thuynoc.do@snakecompany.com,"Số 11, Ngõ 52, Phố Nguyễn Chí Thanh, Ba Đình, Hà Nội",2017-01-30,4,Marketing Manager,95000.0,Marketing,"Building A, Floor 3",15,4.0,Campaign Lead,2024-05-01,110.0,GenZ Social Engagement Program,2024-05-01,2024-09-30,150000.0,4,12,2024-10-01,,,On Leave,5.0,Campaign Success Bonus,Bonus,750.0,2024-10-05,23,2024-09-30,9.0,2024.0,7916.67,Paid
12,Do Thuy Ngoc,Female,1989-10-20,0379 664 251,thuynoc.do@snakecompany.com,"Số 11, Ngõ 52, Phố Nguyễn Chí Thanh, Ba Đình, Hà Nội",2017-01-30,4,Marketing Manager,95000.0,Marketing,"Building A, Floor 3",15,4.0,Campaign Lead,2024-05-01,110.0,GenZ Social Engagement Program,2024-05-01,2024-09-30,150000.0,4,12,2024-10-01,,,On Leave,5.0,Campaign Success Bonus,Bonus,750.0,2024-10-05,53,2024-10-31,10.0,2024.0,8666.67,Pending
12,Do Thuy Ngoc,Female,1989-10-20,0379 664 251,thuynoc.do@snakecompany.com,"Số 11, Ngõ 52, Phố Nguyễn Chí Thanh, Ba Đình, Hà Nội",2017-01-30,4,Marketing Manager,95000.0,Marketing,"Building A, Floor 3",15,4.0,Campaign Lead,2024-05-01,110.0,GenZ Social Engagement Program,2024-05-01,2024-09-30,150000.0,4,32,2024-10-02,09:00:00,17:00:00,Present,5.0,Campaign Success Bonus,Bonus,750.0,2024-10-05,23,2024-09-30,9.0,2024.0,7916.67,Paid
12,Do Thuy Ngoc,Female,1989-10-20,0379 664 251,thuynoc.do@snakecompany.com,"Số 11, Ngõ 52, Phố Nguyễn Chí Thanh, Ba Đình, Hà Nội",2017-01-30,4,Marketing Manager,95000.0,Marketing,"Building A, Floor 3",15,4.0,Campaign Lead,2024-05-01,110.0,GenZ Social Engagement Program,2024-05-01,2024-09-30,150000.0,4,32,2024-10-02,09:00:00,17:00:00,Present,5.0,Campaign Success Bonus,Bonus,750.0,2024-10-05,53,2024-10-31,10.0,2024.0,8666.67,Pending
12,Do Thuy Ngoc,Female,1989-10-20,0379 664 251,thuynoc.do@snakecompany.com,"Số 11, Ngõ 52, Phố Nguyễn Chí Thanh, Ba Đình, Hà Nội",2017-01-30,4,Marketing Manager,95000.0,Marketing,"Building A, Floor 3",15,4.0,Campaign Lead,2024-05-01,110.0,GenZ Social Engagement Program,2024-05-01,2024-09-30,150000.0,4,52,2024-10-03,09:01:00,17:00:00,Present,5.0,Campaign Success Bonus,Bonus,750.0,2024-10-05,23,2024-09-30,9.0,2024.0,7916.67,Paid
12,Do Thuy Ngoc,Female,1989-10-20,0379 664 251,thuynoc.do@snakecompany.com,"Số 11, Ngõ 52, Phố Nguyễn Chí Thanh, Ba Đình, Hà Nội",2017-01-30,4,Marketing Manager,95000.0,Marketing,"Building A, Floor 3",15,4.0,Campaign Lead,2024-05-01,110.0,GenZ Social Engagement Program,2024-05-01,2024-09-30,150000.0,4,52,2024-10-03,09:01:00,17:00:00,Present,5.0,Campaign Success Bonus,Bonus,750.0,2024-10-05,53,2024-10-31,10.0,2024.0,8666.67,Pending
12,Do Thuy Ngoc,Female,1989-10-20,0379 664 251,thuynoc.do@snakecompany.com,"Số 11, Ngõ 52, Phố Nguyễn Chí Thanh, Ba Đình, Hà Nội",2017-01-30,4,Marketing Manager,95000.0,Marketing,"Building A, Floor 3",19,5.0,Marketing Lead,2024-04-01,50.0,Customer Journey Mapping Initiativeh,2024-04-01,2024-10-31,300000.0,4,12,2024-10-01,,,On Leave,5.0,Campaign Success Bonus,Bonus,750.0,2024-10-05,23,2024-09-30,9.0,2024.0,7916.67,Paid
12,Do Thuy Ngoc,Female,1989-10-20,0379 664 251,thuynoc.do@snakecompany.com,"Số 11, Ngõ 52, Phố Nguyễn Chí Thanh, Ba Đình, Hà Nội",2017-01-30,4,Marketing Manager,95000.0,Marketing,"Building A, Floor 3",19,5.0,Marketing Lead,2024-04-01,50.0,Customer Journey Mapping Initiativeh,2024-04-01,2024-10-31,300000.0,4,12,2024-10-01,,,On Leave,5.0,Campaign Success Bonus,Bonus,750.0,2024-10-05,53,2024-10-31,10.0,2024.0,8666.67,Pending
12,Do Thuy Ngoc,Female,1989-10-20,0379 664 251,thuynoc.do@snakecompany.com,"Số 11, Ngõ 52, Phố Nguyễn Chí Thanh, Ba Đình, Hà Nội",2017-01-30,4,Marketing Manager,95000.0,Marketing,"Building A, Floor 3",19,5.0,Marketing Lead,2024-04-01,50.0,Customer Journey Mapping Initiativeh,2024-04-01,2024-10-31,300000.0,4,32,2024-10-02,09:00:00,17:00:00,Present,5.0,Campaign Success Bonus,Bonus,750.0,2024-10-05,23,2024-09-30,9.0,2024.0,7916.67,Paid
12,Do Thuy Ngoc,Female,1989-10-20,0379 664 251,thuynoc.do@snakecompany.com,"Số 11, Ngõ 52, Phố Nguyễn Chí Thanh, Ba Đình, Hà Nội",2017-01-30,4,Marketing Manager,95000.0,Marketing,"Building A, Floor 3",19,5.0,Marketing Lead,2024-04-01,50.0,Customer Journey Mapping Initiativeh,2024-04-01,2024-10-31,300000.0,4,32,2024-10-02,09:00:00,17:00:00,Present,5.0,Campaign Success Bonus,Bonus,750.0,2024-10-05,53,2024-10-31,10.0,2024.0,8666.67,Pending
12,Do Thuy Ngoc,Female,1989-10-20,0379 664 251,thuynoc.do@snakecompany.com,"Số 11, Ngõ 52, Phố Nguyễn Chí Thanh, Ba Đình, Hà Nội",2017-01-30,4,Marketing Manager,95000.0,Marketing,"Building A, Floor 3",19,5.0,Marketing Lead,2024-04-01,50.0,Customer Journey Mapping Initiativeh,2024-04-01,2024-10-31,300000.0,4,52,2024-10-03,09:01:00,17:00:00,Present,5.0,Campaign Success Bonus,Bonus,750.0,2024-10-05,23,2024-09-30,9.0,2024.0,7916.67,Paid
12,Do Thuy Ngoc,Female,1989-10-20,0379 664 251,thuynoc.do@snakecompany.com,"Số 11, Ngõ 52, Phố Nguyễn Chí Thanh, Ba Đình, Hà Nội",2017-01-30,4,Marketing Manager,95000.0,Marketing,"Building A, Floor 3",19,5.0,Marketing Lead,2024-04-01,50.0,Customer Journey Mapping Initiativeh,2024-04-01,2024-10-31,300000.0,4,52,2024-10-03,09:01:00,17:00:00,Present,5.0,Campaign Success Bonus,Bonus,750.0,2024-10-05,53,2024-10-31,10.0,2024.0,8666.67,Pending
13,Le Quang Huy,Male,1993-01-08,0703 928 146,quanghuy.le@snakecompany.com,"Số 23, Ngõ 124, Phố Hoàng Hoa Thám, Tây Hồ, Hà Nội",2019-10-01,4,Content Strategist,72000.0,Marketing,"Building A, Floor 3",16,4.0,Content Writer,2024-05-01,130.0,GenZ Social Engagement Program,2024-05-01,2024-09-30,150000.0,4,13,2024-10-01,09:00:00,17:00:00,Present,11.0,Dental Plan,Deduction,40.0,2024-09-01,25,2024-09-30,9.0,2024.0,5960.0,Paid
13,Le Quang Huy,Male,1993-01-08,0703 928 146,quanghuy.le@snakecompany.com,"Số 23, Ngõ 124, Phố Hoàng Hoa Thám, Tây Hồ, Hà Nội",2019-10-01,4,Content Strategist,72000.0,Marketing,"Building A, Floor 3",16,4.0,Content Writer,2024-05-01,130.0,GenZ Social Engagement Program,2024-05-01,2024-09-30,150000.0,4,33,2024-10-02,09:01:00,17:05:00,Present,11.0,Dental Plan,Deduction,40.0,2024-09-01,25,2024-09-30,9.0,2024.0,5960.0,Paid
13,Le Quang Huy,Male,1993-01-08,0703 928 146,quanghuy.le@snakecompany.com,"Số 23, Ngõ 124, Phố Hoàng Hoa Thám, Tây Hồ, Hà Nội",2019-10-01,4,Content Strategist,72000.0,Marketing,"Building A, Floor 3",16,4.0,Content Writer,2024-05-01,130.0,GenZ Social Engagement Program,2024-05-01,2024-09-30,150000.0,4,53,2024-10-03,09:00:00,17:03:00,Present,11.0,Dental Plan,Deduction,40.0,2024-09-01,25,2024-09-30,9.0,2024.0,5960.0,Paid
13,Le Quang Huy,Male,1993-01-08,0703 928 146,quanghuy.le@snakecompany.com,"Số 23, Ngõ 124, Phố Hoàng Hoa Thám, Tây Hồ, Hà Nội",2019-10-01,4,Content Strategist,72000.0,Marketing,"Building A, Floor 3",35,6.0,Content Migration,2024-03-01,55.5,Skill Matrix & Upskill Roadmap,2024-01-10,2024-06-30,120000.0,1,13,2024-10-01,09:00:00,17:00:00,Present,11.0,Dental Plan,Deduction,40.0,2024-09-01,25,2024-09-30,9.0,2024.0,5960.0,Paid
13,Le Quang Huy,Male,1993-01-08,0703 928 146,quanghuy.le@snakecompany.com,"Số 23, Ngõ 124, Phố Hoàng Hoa Thám, Tây Hồ, Hà Nội",2019-10-01,4,Content Strategist,72000.0,Marketing,"Building A, Floor 3",35,6.0,Content Migration,2024-03-01,55.5,Skill Matrix & Upskill Roadmap,2024-01-10,2024-06-30,120000.0,1,33,2024-10-02,09:01:00,17:05:00,Present,11.0,Dental Plan,Deduction,40.0,2024-09-01,25,2024-09-30,9.0,2024.0,5960.0,Paid
13,Le Quang Huy,Male,1993-01-08,0703 928 146,quanghuy.le@snakecompany.com,"Số 23, Ngõ 124, Phố Hoàng Hoa Thám, Tây Hồ, Hà Nội",2019-10-01,4,Content Strategist,72000.0,Marketing,"Building A, Floor 3",35,6.0,Content Migration,2024-03-01,55.5,Skill Matrix & Upskill Roadmap,2024-01-10,2024-06-30,120000.0,1,53,2024-10-03,09:00:00,17:03:00,Present,11.0,Dental Plan,Deduction,40.0,2024-09-01,25,2024-09-30,9.0,2024.0,5960.0,Paid
14,Le My Anh,Female,1997-03-28,0794 651 803,myanh.le@snakecompany.com,"Số 7, Ngõ 14, Phố Xuân Thủy, Cầu Giấy, Hà Nội",2022-01-15,4,Social Media Coordinator,58000.0,Marketing,"Building A, Floor 3",17,4.0,Social Media,2024-05-10,120.0,GenZ Social Engagement Program,2024-05-01,2024-09-30,150000.0,4,14,2024-10-01,09:10:00,17:05:00,Present,17.0,Social Media Award,Bonus,250.0,2024-10-12,27,2024-09-30,9.0,2024.0,4833.33,Paid
14,Le My Anh,Female,1997-03-28,0794 651 803,myanh.le@snakecompany.com,"Số 7, Ngõ 14, Phố Xuân Thủy, Cầu Giấy, Hà Nội",2022-01-15,4,Social Media Coordinator,58000.0,Marketing,"Building A, Floor 3",17,4.0,Social Media,2024-05-10,120.0,GenZ Social Engagement Program,2024-05-01,2024-09-30,150000.0,4,14,2024-10-01,09:10:00,17:05:00,Present,17.0,Social Media Award,Bonus,250.0,2024-10-12,54,2024-10-31,10.0,2024.0,5083.33,Pending
14,Le My Anh,Female,1997-03-28,0794 651 803,myanh.le@snakecompany.com,"Số 7, Ngõ 14, Phố Xuân Thủy, Cầu Giấy, Hà Nội",2022-01-15,4,Social Media Coordinator,58000.0,Marketing,"Building A, Floor 3",17,4.0,Social Media,2024-05-10,120.0,GenZ Social Engagement Program,2024-05-01,2024-09-30,150000.0,4,34,2024-10-02,09:12:00,17:10:00,Present,17.0,Social Media Award,Bonus,250.0,2024-10-12,27,2024-09-30,9.0,2024.0,4833.33,Paid
14,Le My Anh,Female,1997-03-28,0794 651 803,myanh.le@snakecompany.com,"Số 7, Ngõ 14, Phố Xuân Thủy, Cầu Giấy, Hà Nội",2022-01-15,4,Social Media Coordinator,58000.0,Marketing,"Building A, Floor 3",17,4.0,Social Media,2024-05-10,120.0,GenZ Social Engagement Program,2024-05-01,2024-09-30,150000.0,4,34,2024-10-02,09:12:00,17:10:00,Present,17.0,Social Media Award,Bonus,250.0,2024-10-12,54,2024-10-31,10.0,2024.0,5083.33,Pending
14,Le My Anh,Female,1997-03-28,0794 651 803,myanh.le@snakecompany.com,"Số 7, Ngõ 14, Phố Xuân Thủy, Cầu Giấy, Hà Nội",2022-01-15,4,Social Media Coordinator,58000.0,Marketing,"Building A, Floor 3",17,4.0,Social Media,2024-05-10,120.0,GenZ Social Engagement Program,2024-05-01,2024-09-30,150000.0,4,54,2024-10-03,09:08:00,17:00:00,Present,17.0,Social Media Award,Bonus,250.0,2024-10-12,27,2024-09-30,9.0,2024.0,4833.33,Paid
14,Le My Anh,Female,1997-03-28,0794 651 803,myanh.le@snakecompany.com,"Số 7, Ngõ 14, Phố Xuân Thủy, Cầu Giấy, Hà Nội",2022-01-15,4,Social Media Coordinator,58000.0,Marketing,"Building A, Floor 3",17,4.0,Social Media,2024-05-10,120.0,GenZ Social Engagement Program,2024-05-01,2024-09-30,150000.0,4,54,2024-10-03,09:08:00,17:00:00,Present,17.0,Social Media Award,Bonus,250.0,2024-10-12,54,2024-10-31,10.0,2024.0,5083.33,Pending
15,Le Vo Viet Khoi,Male,1990-08-05,0859 317 204,vietkhoi.le@snakecompany.com,"Số 88, Ngách 25/2, Phố Trương Định, Hoàng Mai, Hà Nội",2018-05-20,4,SEO Specialist,70000.0,Marketing,"Building A, Floor 3",20,5.0,SEO Lead,2024-04-01,90.0,Customer Journey Mapping Initiativeh,2024-04-01,2024-10-31,300000.0,4,15,2024-10-01,09:03:00,17:00:00,Present,,,,,,29,2024-09-30,9.0,2024.0,5833.33,Paid
15,Le Vo Viet Khoi,Male,1990-08-05,0859 317 204,vietkhoi.le@snakecompany.com,"Số 88, Ngách 25/2, Phố Trương Định, Hoàng Mai, Hà Nội",2018-05-20,4,SEO Specialist,70000.0,Marketing,"Building A, Floor 3",20,5.0,SEO Lead,2024-04-01,90.0,Customer Journey Mapping Initiativeh,2024-04-01,2024-10-31,300000.0,4,35,2024-10-02,09:05:00,17:00:00,Present,,,,,,29,2024-09-30,9.0,2024.0,5833.33,Paid
15,Le Vo Viet Khoi,Male,1990-08-05,0859 317 204,vietkhoi.le@snakecompany.com,"Số 88, Ngách 25/2, Phố Trương Định, Hoàng Mai, Hà Nội",2018-05-20,4,SEO Specialist,70000.0,Marketing,"Building A, Floor 3",20,5.0,SEO Lead,2024-04-01,90.0,Customer Journey Mapping Initiativeh,2024-04-01,2024-10-31,300000.0,4,55,2024-10-03,09:00:00,17:00:00,Present,,,,,,29,2024-09-30,9.0,2024.0,5833.33,Paid
16,Le Nguyen Phuong Thao,Female,1986-06-11,0847 560 998,phuongthao.le@snakecompany.com,"Số 10, Ngõ 191, Phố Minh Khai, Hai Bà Trưng, Hà Nội",2014-07-10,5,Finance Manager,110000.0,Finance,"Building C, Floor 1",27,7.0,Audit Lead,2024-09-01,0.0,Automated Expense Audit System,2024-09-01,2024-11-30,50000.0,5,16,2024-10-01,08:50:00,17:00:00,Present,6.0,Finance Bonus,Bonus,1000.0,2024-09-15,31,2024-09-30,9.0,2024.0,10166.67,Paid
16,Le Nguyen Phuong Thao,Female,1986-06-11,0847 560 998,phuongthao.le@snakecompany.com,"Số 10, Ngõ 191, Phố Minh Khai, Hai Bà Trưng, Hà Nội",2014-07-10,5,Finance Manager,110000.0,Finance,"Building C, Floor 1",27,7.0,Audit Lead,2024-09-01,0.0,Automated Expense Audit System,2024-09-01,2024-11-30,50000.0,5,16,2024-10-01,08:50:00,17:00:00,Present,6.0,Finance Bonus,Bonus,1000.0,2024-09-15,55,2024-10-31,10.0,2024.0,9166.67,Pending
16,Le Nguyen Phuong Thao,Female,1986-06-11,0847 560 998,phuongthao.le@snakecompany.com,"Số 10, Ngõ 191, Phố Minh Khai, Hai Bà Trưng, Hà Nội",2014-07-10,5,Finance Manager,110000.0,Finance,"Building C, Floor 1",27,7.0,Audit Lead,2024-09-01,0.0,Automated Expense Audit System,2024-09-01,2024-11-30,50000.0,5,36,2024-10-02,08:55:00,17:00:00,Present,6.0,Finance Bonus,Bonus,1000.0,2024-09-15,31,2024-09-30,9.0,2024.0,10166.67,Paid
16,Le Nguyen Phuong Thao,Female,1986-06-11,0847 560 998,phuongthao.le@snakecompany.com,"Số 10, Ngõ 191, Phố Minh Khai, Hai Bà Trưng, Hà Nội",2014-07-10,5,Finance Manager,110000.0,Finance,"Building C, Floor 1",27,7.0,Audit Lead,2024-09-01,0.0,Automated Expense Audit System,2024-09-01,2024-11-30,50000.0,5,36,2024-10-02,08:55:00,17:00:00,Present,6.0,Finance Bonus,Bonus,1000.0,2024-09-15,55,2024-10-31,10.0,2024.0,9166.67,Pending
16,Le Nguyen Phuong Thao,Female,1986-06-11,0847 560 998,phuongthao.le@snakecompany.com,"Số 10, Ngõ 191, Phố Minh Khai, Hai Bà Trưng, Hà Nội",2014-07-10,5,Finance Manager,110000.0,Finance,"Building C, Floor 1",27,7.0,Audit Lead,2024-09-01,0.0,Automated Expense Audit System,2024-09-01,2024-11-30,50000.0,5,56,2024-10-03,08:50:00,17:00:00,Present,6.0,Finance Bonus,Bonus,1000.0,2024-09-15,31,2024-09-30,9.0,2024.0,10166.67,Paid
16,Le Nguyen Phuong Thao,Female,1986-06-11,0847 560 998,phuongthao.le@snakecompany.com,"Số 10, Ngõ 191, Phố Minh Khai, Hai Bà Trưng, Hà Nội",2014-07-10,5,Finance Manager,110000.0,Finance,"Building C, Floor 1",27,7.0,Audit Lead,2024-09-01,0.0,Automated Expense Audit System,2024-09-01,2024-11-30,50000.0,5,56,2024-10-03,08:50:00,17:00:00,Present,6.0,Finance Bonus,Bonus,1000.0,2024-09-15,55,2024-10-31,10.0,2024.0,9166.67,Pending
17,Luong Ngoc Huy,Male,1992-09-03,0813 240 556,ngochuy.luong@snakecompany.com,"Số 4, Ngõ 76, Phố Nguyễn An Ninh, Hoàng Mai, Hà Nội",2019-11-20,5,Financial Analyst,80000.0,Finance,"Building C, Floor 1",28,7.0,Analyst,2024-09-01,0.0,Automated Expense Audit System,2024-09-01,2024-11-30,50000.0,5,17,2024-10-01,08:59:00,17:02:00,Present,12.0,Dental Plan,Deduction,40.0,2024-09-01,33,2024-09-30,9.0,2024.0,6626.67,Paid
17,Luong Ngoc Huy,Male,1992-09-03,0813 240 556,ngochuy.luong@snakecompany.com,"Số 4, Ngõ 76, Phố Nguyễn An Ninh, Hoàng Mai, Hà Nội",2019-11-20,5,Financial Analyst,80000.0,Finance,"Building C, Floor 1",28,7.0,Analyst,2024-09-01,0.0,Automated Expense Audit System,2024-09-01,2024-11-30,50000.0,5,37,2024-10-02,08:58:00,17:00:00,Present,12.0,Dental Plan,Deduction,40.0,2024-09-01,33,2024-09-30,9.0,2024.0,6626.67,Paid
17,Luong Ngoc Huy,Male,1992-09-03,0813 240 556,ngochuy.luong@snakecompany.com,"Số 4, Ngõ 76, Phố Nguyễn An Ninh, Hoàng Mai, Hà Nội",2019-11-20,5,Financial Analyst,80000.0,Finance,"Building C, Floor 1",28,7.0,Analyst,2024-09-01,0.0,Automated Expense Audit System,2024-09-01,2024-11-30,50000.0,5,57,2024-10-03,08:59:00,17:00:00,Present,12.0,Dental Plan,Deduction,40.0,2024-09-01,33,2024-09-30,9.0,2024.0,6626.67,Paid
17,Luong Ngoc Huy,Male,1992-09-03,0813 240 556,ngochuy.luong@snakecompany.com,"Số 4, Ngõ 76, Phố Nguyễn An Ninh, Hoàng Mai, Hà Nội",2019-11-20,5,Financial Analyst,80000.0,Finance,"Building C, Floor 1",36,3.0,Financial Analyst,2024-02-05,25.0,B2B Lead Qualification Framework,2024-02-01,2024-08-01,200000.0,3,17,2024-10-01,08:59:00,17:02:00,Present,12.0,Dental Plan,Deduction,40.0,2024-09-01,33,2024-09-30,9.0,2024.0,6626.67,Paid
17,Luong Ngoc Huy,Male,1992-09-03,0813 240 556,ngochuy.luong@snakecompany.com,"Số 4, Ngõ 76, Phố Nguyễn An Ninh, Hoàng Mai, Hà Nội",2019-11-20,5,Financial Analyst,80000.0,Finance,"Building C, Floor 1",36,3.0,Financial Analyst,2024-02-05,25.0,B2B Lead Qualification Framework,2024-02-01,2024-08-01,200000.0,3,37,2024-10-02,08:58:00,17:00:00,Present,12.0,Dental Plan,Deduction,40.0,2024-09-01,33,2024-09-30,9.0,2024.0,6626.67,Paid
17,Luong Ngoc Huy,Male,1992-09-03,0813 240 556,ngochuy.luong@snakecompany.com,"Số 4, Ngõ 76, Phố Nguyễn An Ninh, Hoàng Mai, Hà Nội",2019-11-20,5,Financial Analyst,80000.0,Finance,"Building C, Floor 1",36,3.0,Financial Analyst,2024-02-05,25.0,B2B Lead Qualification Framework,2024-02-01,2024-08-01,200000.0,3,57,2024-10-03,08:59:00,17:00:00,Present,12.0,Dental Plan,Deduction,40.0,2024-09-01,33,2024-09-30,9.0,2024.0,6626.67,Paid
18,Ngo Thi Viet Ha,Female,1995-12-19,0924 874 330,vietha.ngo@snakecompany.com,"Số 31, Ngõ 120, Phố Cầu Giấy, Cầu Giấy, Hà Nội",2021-06-05,5,Accountant,75000.0,Finance,"Building C, Floor 1",29,7.0,Accountant,2024-09-01,0.0,Automated Expense Audit System,2024-09-01,2024-11-30,50000.0,5,18,2024-10-01,09:00:00,16:55:00,Present,18.0,Accountant Certification Bonus,Bonus,500.0,2024-09-20,35,2024-09-30,9.0,2024.0,6750.0,Paid
18,Ngo Thi Viet Ha,Female,1995-12-19,0924 874 330,vietha.ngo@snakecompany.com,"Số 31, Ngõ 120, Phố Cầu Giấy, Cầu Giấy, Hà Nội",2021-06-05,5,Accountant,75000.0,Finance,"Building C, Floor 1",29,7.0,Accountant,2024-09-01,0.0,Automated Expense Audit System,2024-09-01,2024-11-30,50000.0,5,38,2024-10-02,09:00:00,17:00:00,Present,18.0,Accountant Certification Bonus,Bonus,500.0,2024-09-20,35,2024-09-30,9.0,2024.0,6750.0,Paid
18,Ngo Thi Viet Ha,Female,1995-12-19,0924 874 330,vietha.ngo@snakecompany.com,"Số 31, Ngõ 120, Phố Cầu Giấy, Cầu Giấy, Hà Nội",2021-06-05,5,Accountant,75000.0,Finance,"Building C, Floor 1",29,7.0,Accountant,2024-09-01,0.0,Automated Expense Audit System,2024-09-01,2024-11-30,50000.0,5,58,2024-10-03,09:00:00,16:58:00,Present,18.0,Accountant Certification Bonus,Bonus,500.0,2024-09-20,35,2024-09-30,9.0,2024.0,6750.0,Paid
19,Nguyen Phuc Chinh,Male,1998-02-27,0899 705 412,phucchinh.nguyen@snakecompany.com,"Số 14, Ngách 8/5, Phố Tây Sơn, Đống Đa, Hà Nội",2022-04-01,5,Payroll Specialist,62000.0,Finance,"Building C, Floor 1",37,7.0,Payroll Data,2024-09-01,0.0,Automated Expense Audit System,2024-09-01,2024-11-30,50000.0,5,19,2024-10-01,09:00:00,17:00:00,Present,,,,,,37,2024-09-30,9.0,2024.0,5166.67,Paid
19,Nguyen Phuc Chinh,Male,1998-02-27,0899 705 412,phucchinh.nguyen@snakecompany.com,"Số 14, Ngách 8/5, Phố Tây Sơn, Đống Đa, Hà Nội",2022-04-01,5,Payroll Specialist,62000.0,Finance,"Building C, Floor 1",37,7.0,Payroll Data,2024-09-01,0.0,Automated Expense Audit System,2024-09-01,2024-11-30,50000.0,5,19,2024-10-01,09:00:00,17:00:00,Present,,,,,,56,2024-10-31,10.0,2024.0,5166.67,Unpaid
19,Nguyen Phuc Chinh,Male,1998-02-27,0899 705 412,phucchinh.nguyen@snakecompany.com,"Số 14, Ngách 8/5, Phố Tây Sơn, Đống Đa, Hà Nội",2022-04-01,5,Payroll Specialist,62000.0,Finance,"Building C, Floor 1",37,7.0,Payroll Data,2024-09-01,0.0,Automated Expense Audit System,2024-09-01,2024-11-30,50000.0,5,39,2024-10-02,,,Absent,,,,,,37,2024-09-30,9.0,2024.0,5166.67,Paid
19,Nguyen Phuc Chinh,Male,1998-02-27,0899 705 412,phucchinh.nguyen@snakecompany.com,"Số 14, Ngách 8/5, Phố Tây Sơn, Đống Đa, Hà Nội",2022-04-01,5,Payroll Specialist,62000.0,Finance,"Building C, Floor 1",37,7.0,Payroll Data,2024-09-01,0.0,Automated Expense Audit System,2024-09-01,2024-11-30,50000.0,5,39,2024-10-02,,,Absent,,,,,,56,2024-10-31,10.0,2024.0,5166.67,Unpaid
19,Nguyen Phuc Chinh,Male,1998-02-27,0899 705 412,phucchinh.nguyen@snakecompany.com,"Số 14, Ngách 8/5, Phố Tây Sơn, Đống Đa, Hà Nội",2022-04-01,5,Payroll Specialist,62000.0,Finance,"Building C, Floor 1",37,7.0,Payroll Data,2024-09-01,0.0,Automated Expense Audit System,2024-09-01,2024-11-30,50000.0,5,59,2024-10-03,09:00:00,17:00:00,Present,,,,,,37,2024-09-30,9.0,2024.0,5166.67,Paid
19,Nguyen Phuc Chinh,Male,1998-02-27,0899 705 412,phucchinh.nguyen@snakecompany.com,"Số 14, Ngách 8/5, Phố Tây Sơn, Đống Đa, Hà Nội",2022-04-01,5,Payroll Specialist,62000.0,Finance,"Building C, Floor 1",37,7.0,Payroll Data,2024-09-01,0.0,Automated Expense Audit System,2024-09-01,2024-11-30,50000.0,5,59,2024-10-03,09:00:00,17:00:00,Present,,,,,,56,2024-10-31,10.0,2024.0,5166.67,Unpaid
20,Nguyen Khanh Huyen,Female,1991-07-16,0392 146 875,khanhhuyen.nguyen@snakecompany.com,"Số 6, Ngõ 332, Phố Nguyễn Trãi, Thanh Xuân, Hà Nội",2023-01-05,1,HR Assistant,50000.0,Human Resources,"Building A, Floor 1",38,6.0,HR Data Entry,2024-02-01,75.0,Skill Matrix & Upskill Roadmap,2024-01-10,2024-06-30,120000.0,1,20,2024-10-01,08:57:00,17:03:00,Present,19.0,Overtime Pay,Bonus,300.0,2024-09-30,39,2024-09-30,9.0,2024.0,4466.67,Paid
20,Nguyen Khanh Huyen,Female,1991-07-16,0392 146 875,khanhhuyen.nguyen@snakecompany.com,"Số 6, Ngõ 332, Phố Nguyễn Trãi, Thanh Xuân, Hà Nội",2023-01-05,1,HR Assistant,50000.0,Human Resources,"Building A, Floor 1",38,6.0,HR Data Entry,2024-02-01,75.0,Skill Matrix & Upskill Roadmap,2024-01-10,2024-06-30,120000.0,1,40,2024-10-02,08:55:00,17:00:00,Present,19.0,Overtime Pay,Bonus,300.0,2024-09-30,39,2024-09-30,9.0,2024.0,4466.67,Paid
20,Nguyen Khanh Huyen,Female,1991-07-16,0392 146 875,khanhhuyen.nguyen@snakecompany.com,"Số 6, Ngõ 332, Phố Nguyễn Trãi, Thanh Xuân, Hà Nội",2023-01-05,1,HR Assistant,50000.0,Human Resources,"Building A, Floor 1",38,6.0,HR Data Entry,2024-02-01,75.0,Skill Matrix & Upskill Roadmap,2024-01-10,2024-06-30,120000.0,1,60,2024-10-03,08:59:00,17:00:00,Present,19.0,Overtime Pay,Bonus,300.0,2024-09-30,39,2024-09-30,9.0,2024.0,4466.67,Paid
